date,symbol,trades,wins,win_rate,total_pnl,avg_pnl,max_pnl,min_pnl,avg_hold_bars
2026-01-19,215A,9,2,0.2222222222222222,-39.0,-4.333333333333333,11.5,-13.0,12.222222222222221
2026-01-19,3350,2,2,1.0,20.5,10.25,10.5,10.0,1.5
2026-01-19,6526,2,1,0.5,3.5,1.75,8.5,-5.0,26.0
2026-01-19,9501,2,2,1.0,17.699999999999932,8.849999999999966,10.299999999999955,7.399999999999977,26.5
2026-01-20,215A,2,0,0.0,-15.0,-7.5,-5.0,-10.0,3.5
2026-01-20,3350,8,2,0.25,-0.5,-0.0625,11.0,-6.5,24.625
2026-01-20,6315,29,13,0.4482758620689655,19.0,0.6551724137931034,17.5,-25.0,3.0689655172413794
2026-01-20,6526,3,0,0.0,-22.5,-7.5,-6.75,-8.0,19.333333333333332
2026-01-20,9501,9,3,0.3333333333333333,-8.850000000000136,-0.9833333333333485,7.350000000000023,-5.5499999999999545,30.22222222222222
2026-01-20,9509,3,0,0.0,-17.25,-5.75,-5.0,-6.25,11.333333333333334
2026-01-21,215A,5,0,0.0,-39.5,-7.9,-5.5,-11.5,4.0
2026-01-21,3350,2,1,0.5,10.0,5.0,11.0,-1.0,19.0
2026-01-21,5016,5,3,0.6,28.25,5.65,27.75,-14.25,4.0
2026-01-21,6315,3,2,0.6666666666666666,11.0,3.6666666666666665,20.5,-22.0,1.0
2026-01-21,6526,5,3,0.6,20.25,4.05,12.5,-7.5,3.8
2026-01-21,9501,6,4,0.6666666666666666,15.950000000000045,2.6583333333333408,12.599999999999909,-5.699999999999932,34.0
2026-01-21,9509,2,0,0.0,-5.25,-2.625,-0.25,-5.0,23.5
2026-01-22,157A,4,2,0.5,3.5,0.875,11.0,-8.5,8.25
2026-01-22,168A,7,2,0.2857142857142857,-10.5,-1.5,20.5,-11.5,9.428571428571429
2026-01-22,198A,3,2,0.6666666666666666,-2.0,-0.6666666666666666,2.5,-5.5,55.0
2026-01-22,202A,7,4,0.5714285714285714,27.5,3.9285714285714284,15.0,-7.5,6.142857142857143
2026-01-22,215A,2,1,0.5,4.5,2.25,10.0,-5.5,17.0
2026-01-22,3350,6,3,0.5,4.0,0.6666666666666666,8.0,-5.0,39.166666666666664
2026-01-22,3436,2,2,1.0,24.0,12.0,14.0,10.0,17.5
2026-01-22,3692,9,3,0.3333333333333333,50.0,5.555555555555555,55.0,-25.0,1.5555555555555556
2026-01-22,3697,2,1,0.5,2.4500000000000455,1.2250000000000227,3.5499999999999545,-1.099999999999909,39.5
2026-01-22,4082,3,1,0.3333333333333333,27.0,9.0,37.0,-5.0,1.3333333333333333
2026-01-22,4098,14,8,0.5714285714285714,82.0,5.857142857142857,28.5,-10.5,6.071428571428571
2026-01-22,4107,8,2,0.25,-20.0,-2.5,10.0,-15.0,7.0
2026-01-22,4506,3,2,0.6666666666666666,11.0,3.6666666666666665,10.0,-5.25,40.666666666666664
2026-01-22,4507,3,1,0.3333333333333333,-6.0,-2.0,1.0,-5.0,47.666666666666664
2026-01-22,4593,4,1,0.25,1.0,0.25,10.0,-6.0,41.75
2026-01-22,5016,4,0,0.0,-76.25,-19.0625,-6.5,-52.25,4.5
2026-01-22,5216,4,3,0.75,22.0,5.5,18.0,0.0,41.75
2026-01-22,6166,4,1,0.25,-11.0,-2.75,11.5,-10.0,5.75
2026-01-22,6269,5,3,0.6,27.5,5.5,22.5,-12.5,3.6
2026-01-22,6273,3,0,0.0,-35.0,-11.666666666666666,-5.0,-20.0,1.6666666666666667
2026-01-22,6315,5,3,0.6,28.0,5.6,15.5,-9.5,4.0
2026-01-22,6323,7,3,0.42857142857142855,-11.0,-1.5714285714285714,9.5,-11.5,5.0
2026-01-22,6526,2,0,0.0,-24.75,-12.375,-8.0,-16.75,4.5
2026-01-22,6723,2,2,1.0,38.75,19.375,23.75,15.0,8.5
2026-01-22,6752,1,0,0.0,-2.0,-2.0,-2.0,-2.0,60.0
2026-01-22,6762,2,1,0.5,-4.5,-2.25,0.5,-5.0,16.5
2026-01-22,6954,5,1,0.2,-13.0,-2.6,12.5,-8.0,9.4
2026-01-22,6963,4,2,0.5,11.0,2.75,15.25,-8.0,9.5
2026-01-22,6993,4,1,0.25,-12.0,-3.0,1.0,-6.0,41.75
2026-01-22,7003,2,0,0.0,-64.5,-32.25,-9.0,-55.5,4.0
2026-01-22,7012,19,6,0.3157894736842105,-25.0,-1.3157894736842106,20.0,-15.0,2.8421052631578947
2026-01-22,7014,5,1,0.2,-15.0,-3.0,10.0,-10.0,19.4
2026-01-22,7182,2,0,0.0,-11.5,-5.75,-5.0,-6.5,11.5
2026-01-22,7280,7,1,0.14285714285714285,-47.5,-6.785714285714286,5.0,-11.5,6.571428571428571
2026-01-22,7711,9,4,0.4444444444444444,-5.0,-0.5555555555555556,10.0,-15.0,7.333333333333333
2026-01-22,7746,18,7,0.3888888888888889,-50.5,-2.8055555555555554,11.0,-36.5,7.833333333333333
2026-01-22,7771,3,2,0.6666666666666666,14.5,4.833333333333333,12.0,-7.5,32.666666666666664
2026-01-22,7911,2,0,0.0,-13.0,-6.5,-5.5,-7.5,4.0
2026-01-22,7974,7,1,0.14285714285714285,-46.0,-6.571428571428571,7.0,-22.0,9.714285714285714
2026-01-22,8058,2,1,0.5,4.0,2.0,10.0,-6.0,27.5
2026-01-22,8136,5,3,0.6,18.5,3.7,11.5,-7.5,11.2
2026-01-22,8267,5,0,0.0,-33.0,-6.6,-5.0,-10.0,19.2
2026-01-22,8306,4,2,0.5,-3.0,-0.75,5.0,-5.5,38.5
2026-01-22,8316,2,0,0.0,-6.0,-3.0,-1.0,-5.0,46.0
2026-01-22,9250,3,1,0.3333333333333333,-10.5,-3.5,11.5,-12.5,4.0
2026-01-22,9501,3,1,0.3333333333333333,-6.099999999999909,-2.033333333333303,1.1000000000001364,-5.2999999999999545,30.0
2026-01-22,9509,2,0,0.0,-6.75,-3.375,-1.25,-5.5,21.0
2026-01-23,157A,3,2,0.6666666666666666,46.5,15.5,41.5,-5.0,2.6666666666666665
2026-01-23,168A,8,4,0.5,-41.5,-5.1875,14.0,-40.5,13.0
2026-01-23,1812,1,0,0.0,-7.5,-7.5,-7.5,-7.5,1.0
2026-01-23,198A,5,1,0.2,-6.0,-1.2,3.0,-5.0,47.4
2026-01-23,202A,5,3,0.6,35.0,7.0,20.0,-10.0,3.0
2026-01-23,2667,4,4,1.0,26.5,6.625,10.0,0.5,28.5
2026-01-23,2768,4,1,0.25,-5.5,-1.375,12.5,-7.0,3.75
2026-01-23,285A,7,1,0.14285714285714285,-45.0,-6.428571428571429,50.0,-25.0,1.1428571428571428
2026-01-23,3350,5,3,0.6,3.0,0.6,6.0,-5.0,45.4
2026-01-23,3436,13,5,0.38461538461538464,-14.75,-1.1346153846153846,10.5,-8.75,14.076923076923077
2026-01-23,3647,5,3,0.6,8.5,1.7,5.0,-2.0,47.4
2026-01-23,3692,15,7,0.4666666666666667,75.0,5.0,40.0,-25.0,1.6666666666666667
2026-01-23,3697,4,1,0.25,-8.75,-2.1875,5.749999999999886,-5.900000000000091,28.0
2026-01-23,4062,10,4,0.4,-33.0,-3.3,18.0,-27.5,2.0
2026-01-23,4063,1,1,1.0,17.0,17.0,17.0,17.0,11.0
2026-01-23,4082,42,14,0.3333333333333333,-148.5,-3.5357142857142856,21.0,-31.5,1.6904761904761905
2026-01-23,4098,5,4,0.8,115.0,23.0,43.0,-27.5,2.6
2026-01-23,4237,15,6,0.4,9.0,0.6,18.0,-9.5,9.666666666666666
2026-01-23,4506,7,6,0.8571428571428571,45.25,6.464285714285714,16.75,-6.5,13.857142857142858
2026-01-23,4507,7,4,0.5714285714285714,14.0,2.0,11.0,-11.5,17.857142857142858
2026-01-23,4531,18,11,0.6111111111111112,43.0,2.388888888888889,12.0,-13.0,13.166666666666666
2026-01-23,4584,5,4,0.8,31.5,6.3,11.5,-6.0,26.6
2026-01-23,4593,5,3,0.6,8.5,1.7,4.5,-2.0,47.4
2026-01-23,5016,6,3,0.5,3.0,0.5,11.0,-9.0,4.0
2026-01-23,5216,3,3,1.0,32.0,10.666666666666666,13.5,6.5,10.0
2026-01-23,5332,10,5,0.5,29.0,2.9,16.0,-10.0,5.6
2026-01-23,5401,1,1,1.0,1.400000000000091,1.400000000000091,1.400000000000091,1.400000000000091,60.0
2026-01-23,5631,10,4,0.4,-10.0,-1.0,15.5,-14.0,3.8
2026-01-23,5706,6,3,0.5,-30.0,-5.0,20.0,-32.5,1.0
2026-01-23,5707,7,3,0.42857142857142855,6.0,0.8571428571428571,18.5,-14.5,3.2857142857142856
2026-01-23,5713,7,1,0.14285714285714285,-42.0,-6.0,10.5,-19.0,2.2857142857142856
2026-01-23,5802,1,1,1.0,9.5,9.5,9.5,9.5,3.0
2026-01-23,6098,6,3,0.5,7.0,1.1666666666666667,18.0,-11.0,4.333333333333333
2026-01-23,6146,2,1,0.5,-55.0,-27.5,5.0,-60.0,1.0
2026-01-23,6166,24,10,0.4166666666666667,-29.5,-1.2291666666666667,12.5,-15.5,7.416666666666667
2026-01-23,6269,1,0,0.0,-17.5,-17.5,-17.5,-17.5,1.0
2026-01-23,6315,7,2,0.2857142857142857,-22.5,-3.2142857142857144,10.0,-12.5,4.571428571428571
2026-01-23,6323,20,13,0.65,84.0,4.2,14.0,-20.0,4.55
2026-01-23,6501,2,0,0.0,-13.5,-6.75,-5.5,-8.0,3.0
2026-01-23,6506,3,2,0.6666666666666666,15.0,5.0,15.0,-7.5,2.0
2026-01-23,6525,11,5,0.45454545454545453,6.0,0.5454545454545454,22.5,-24.5,2.4545454545454546
2026-01-23,6723,2,1,0.5,3.75,1.875,8.75,-5.0,7.5
2026-01-23,6752,4,1,0.25,-7.0,-1.75,10.5,-7.5,11.5
2026-01-23,6762,4,2,0.5,9.25,2.3125,11.5,-6.5,23.75
2026-01-23,6814,1,0,0.0,-30.0,-30.0,-30.0,-30.0,1.0
2026-01-23,6857,9,5,0.5555555555555556,37.5,4.166666666666667,25.0,-22.5,1.0
2026-01-23,6871,20,13,0.65,115.0,5.75,20.0,-20.0,1.4
2026-01-23,6890,11,7,0.6363636363636364,70.0,6.363636363636363,30.0,-10.0,4.7272727272727275
2026-01-23,6920,3,2,0.6666666666666666,-35.0,-11.666666666666666,20.0,-65.0,1.3333333333333333
2026-01-23,6954,7,2,0.2857142857142857,-14.0,-2.0,16.0,-17.0,4.714285714285714
2026-01-23,6993,6,2,0.3333333333333333,2.0,0.3333333333333333,8.0,-5.0,39.5
2026-01-23,7003,6,1,0.16666666666666666,-26.0,-4.333333333333333,12.5,-11.5,3.8333333333333335
2026-01-23,7011,5,1,0.2,-19.5,-3.9,11.5,-9.5,8.0
2026-01-23,7012,3,1,0.3333333333333333,-2.5,-0.8333333333333334,12.5,-10.0,1.6666666666666667
2026-01-23,7013,2,0,0.0,-19.0,-9.5,-7.0,-12.0,5.5
2026-01-23,7014,5,2,0.4,10.0,2.0,15.0,-5.0,2.4
2026-01-23,7203,3,0,0.0,-17.0,-5.666666666666667,-5.0,-7.0,6.0
2026-01-23,7280,33,14,0.42424242424242425,7.5,0.22727272727272727,16.5,-10.0,3.757575757575758
2026-01-23,7711,22,6,0.2727272727272727,-75.0,-3.409090909090909,30.0,-30.0,1.2727272727272727
2026-01-23,7729,9,3,0.3333333333333333,-37.5,-4.166666666666667,32.5,-37.5,1.2222222222222223
2026-01-23,7735,3,0,0.0,-72.5,-24.166666666666668,-22.5,-25.0,1.0
2026-01-23,7746,18,12,0.6666666666666666,84.0,4.666666666666667,26.5,-12.0,6.055555555555555
2026-01-23,7771,3,2,0.6666666666666666,5.0,1.6666666666666667,6.0,-1.5,37.666666666666664
2026-01-23,7779,4,3,0.75,12.5,3.125,6.0,-1.0,48.25
2026-01-23,7911,1,0,0.0,-8.5,-8.5,-8.5,-8.5,3.0
2026-01-23,7974,6,2,0.3333333333333333,-10.0,-1.6666666666666667,12.5,-15.0,2.0
2026-01-23,8035,7,4,0.5714285714285714,45.0,6.428571428571429,40.0,-35.0,1.0
2026-01-23,8058,3,0,0.0,-20.0,-6.666666666666667,-5.0,-9.0,9.666666666666666
2026-01-23,8136,8,3,0.375,-38.0,-4.75,10.0,-21.0,2.875
2026-01-23,8267,3,1,0.3333333333333333,0.75,0.25,12.25,-6.5,17.0
2026-01-23,8306,6,3,0.5,-8.75,-1.4583333333333333,5.0,-6.25,29.666666666666668
2026-01-23,9250,7,3,0.42857142857142855,29.5,4.214285714285714,26.0,-14.0,1.0
2026-01-23,9501,4,3,0.75,16.049999999999955,4.012499999999989,11.049999999999955,-1.8999999999999773,37.75
2026-01-23,9983,2,0,0.0,-10.0,-5.0,-5.0,-5.0,1.0
2026-01-23,9984,15,8,0.5333333333333333,43.0,2.8666666666666667,24.0,-18.0,4.133333333333334
2026-01-26,157A,7,4,0.5714285714285714,27.5,3.9285714285714284,20.5,-10.0,3.5714285714285716
2026-01-26,168A,10,4,0.4,-5.0,-0.5,12.0,-12.0,9.8
2026-01-26,1801,10,3,0.3,-10.0,-1.0,30.0,-17.5,3.5
2026-01-26,198A,15,8,0.5333333333333333,12.5,0.8333333333333334,9.0,-8.5,14.733333333333333
2026-01-26,2667,10,6,0.6,21.0,2.1,14.0,-7.0,23.6
2026-01-26,285A,14,7,0.5,95.0,6.785714285714286,60.0,-30.0,1.2857142857142858
2026-01-26,3110,8,5,0.625,-20.0,-2.5,25.0,-45.0,1.125
2026-01-26,3350,3,1,0.3333333333333333,-2.0,-0.6666666666666666,5.0,-5.0,19.333333333333332
2026-01-26,3436,2,2,1.0,22.0,11.0,12.0,10.0,39.5
2026-01-26,3647,5,1,0.2,0.0,0.0,1.0,-1.0,47.2
2026-01-26,3692,4,2,0.5,-5.0,-1.25,10.0,-20.0,1.75
2026-01-26,3697,1,1,1.0,7.850000000000023,7.850000000000023,7.850000000000023,7.850000000000023,60.0
2026-01-26,4062,2,1,0.5,8.0,4.0,14.0,-6.0,2.0
2026-01-26,4063,3,2,0.6666666666666666,16.5,5.5,13.0,-6.5,6.0
2026-01-26,4082,24,9,0.375,0.0,0.0,18.0,-12.0,3.9583333333333335
2026-01-26,4107,2,2,1.0,20.0,10.0,10.0,10.0,1.0
2026-01-26,4237,22,12,0.5454545454545454,64.5,2.9318181818181817,17.0,-8.0,6.636363636363637
2026-01-26,4506,3,2,0.6666666666666666,20.75,6.916666666666667,16.5,-6.0,4.333333333333333
2026-01-26,4507,6,3,0.5,5.5,0.9166666666666666,11.0,-7.0,22.666666666666668
2026-01-26,4531,5,3,0.6,2.0,0.4,7.0,-5.5,47.2
2026-01-26,4584,10,3,0.3,-4.5,-0.45,11.0,-7.0,22.5
2026-01-26,4593,7,5,0.7142857142857143,26.0,3.7142857142857144,10.0,0.0,33.714285714285715
2026-01-26,5016,6,3,0.5,10.75,1.7916666666666667,15.0,-7.0,11.333333333333334
2026-01-26,5243,1,1,1.0,20.0,20.0,20.0,20.0,4.0
2026-01-26,5332,4,4,1.0,37.0,9.25,13.5,5.5,15.25
2026-01-26,5707,23,12,0.5217391304347826,122.0,5.304347826086956,32.5,-22.0,2.739130434782609
2026-01-26,5802,3,1,0.3333333333333333,-0.5,-0.16666666666666666,15.5,-8.5,1.3333333333333333
2026-01-26,5803,2,0,0.0,-15.0,-7.5,-5.0,-10.0,1.5
2026-01-26,6166,9,5,0.5555555555555556,6.0,0.6666666666666666,10.5,-5.5,25.11111111111111
2026-01-26,6269,7,4,0.5714285714285714,7.5,1.0714285714285714,32.5,-62.5,1.0
2026-01-26,6315,8,1,0.125,-25.0,-3.125,10.0,-5.0,3.25
2026-01-26,6323,5,2,0.4,8.0,1.6,16.5,-7.5,2.0
2026-01-26,6330,21,7,0.3333333333333333,-70.0,-3.3333333333333335,20.0,-25.0,1.5714285714285714
2026-01-26,6361,7,2,0.2857142857142857,-21.0,-3.0,8.5,-8.0,6.714285714285714
2026-01-26,6501,6,2,0.3333333333333333,-12.5,-2.0833333333333335,9.0,-8.0,5.166666666666667
2026-01-26,6506,6,3,0.5,9.5,1.5833333333333333,11.5,-9.5,4.0
2026-01-26,6525,15,8,0.5333333333333333,27.5,1.8333333333333333,24.0,-34.0,2.066666666666667
2026-01-26,6590,10,3,0.3,10.0,1.0,80.0,-65.0,1.1
2026-01-26,6752,2,0,0.0,-12.25,-6.125,-6.0,-6.25,5.5
2026-01-26,6758,1,1,1.0,13.0,13.0,13.0,13.0,7.0
2026-01-26,6814,7,1,0.14285714285714285,-45.0,-6.428571428571429,15.0,-20.0,1.8571428571428572
2026-01-26,6857,10,7,0.7,90.0,9.0,45.0,-42.5,1.3
2026-01-26,6871,11,3,0.2727272727272727,-50.0,-4.545454545454546,10.0,-15.0,1.7272727272727273
2026-01-26,6890,10,5,0.5,-5.0,-0.5,20.0,-20.0,2.9
2026-01-26,6954,10,4,0.4,-4.0,-0.4,12.0,-11.0,3.1
2026-01-26,6993,5,3,0.6,16.0,3.2,7.0,0.0,47.2
2026-01-26,7012,6,1,0.16666666666666666,-82.5,-13.75,10.0,-35.0,2.0
2026-01-26,7013,5,2,0.4,-3.5,-0.7,17.5,-19.5,3.4
2026-01-26,7014,8,3,0.375,0.0,0.0,10.0,-5.0,3.75
2026-01-26,7280,11,8,0.7272727272727273,69.0,6.2727272727272725,19.5,-6.0,20.09090909090909
2026-01-26,7711,22,7,0.3181818181818182,-25.0,-1.1363636363636365,15.0,-10.0,1.4090909090909092
2026-01-26,7731,2,2,1.0,21.25,10.625,11.0,10.25,6.0
2026-01-26,7735,10,3,0.3,-87.5,-8.75,22.5,-40.0,1.2
2026-01-26,7771,5,2,0.4,-4.0,-0.8,1.0,-3.0,47.2
2026-01-26,7779,4,1,0.25,-3.0,-0.75,2.0,-3.0,54.75
2026-01-26,7911,5,1,0.2,-24.0,-4.8,5.0,-9.5,6.6
2026-01-26,8267,5,3,0.6,10.75,2.15,8.0,-5.25,10.4
2026-01-26,9501,3,0,0.0,-11.950000000000045,-3.9833333333333485,-1.1000000000000227,-5.449999999999932,13.0
2026-01-26,9983,3,1,0.3333333333333333,-15.0,-5.0,25.0,-30.0,1.0
2026-01-26,9984,11,5,0.45454545454545453,9.0,0.8181818181818182,16.0,-15.0,3.8181818181818183
2026-01-27,157A,18,5,0.2777777777777778,-74.0,-4.111111111111111,12.0,-28.5,9.277777777777779
2026-01-27,168A,3,1,0.3333333333333333,-0.5,-0.16666666666666666,10.0,-5.5,7.666666666666667
2026-01-27,1801,15,4,0.26666666666666666,-72.5,-4.833333333333333,25.0,-20.0,1.3333333333333333
2026-01-27,198A,4,3,0.75,21.5,5.375,13.0,-5.5,31.5
2026-01-27,202A,6,0,0.0,0.0,0.0,0.0,0.0,51.0
2026-01-27,2667,5,2,0.4,-0.5,-0.1,10.0,-6.5,44.4
2026-01-27,2768,10,5,0.5,32.5,3.25,22.0,-13.0,4.1
2026-01-27,285A,2,2,1.0,105.0,52.5,55.0,50.0,1.5
2026-01-27,3350,9,2,0.2222222222222222,-11.0,-1.2222222222222223,6.0,-6.0,33.55555555555556
2026-01-27,3436,6,2,0.3333333333333333,-22.25,-3.7083333333333335,5.75,-11.75,4.666666666666667
2026-01-27,3647,6,2,0.3333333333333333,0.5,0.08333333333333333,1.0,-1.0,51.0
2026-01-27,3692,4,1,0.25,-50.0,-12.5,10.0,-35.0,1.25
2026-01-27,3697,1,1,1.0,7.449999999999932,7.449999999999932,7.449999999999932,7.449999999999932,5.0
2026-01-27,4004,5,2,0.4,1.0,0.2,12.5,-9.0,2.2
2026-01-27,4062,20,12,0.6,71.0,3.55,24.5,-23.5,3.85
2026-01-27,4063,9,3,0.3333333333333333,-37.0,-4.111111111111111,15.0,-34.0,9.333333333333334
2026-01-27,4082,4,1,0.25,-43.5,-10.875,31.0,-39.0,2.0
2026-01-27,4098,25,10,0.4,-49.5,-1.98,18.0,-37.0,6.92
2026-01-27,4237,17,7,0.4117647058823529,11.0,0.6470588235294118,19.0,-8.5,16.823529411764707
2026-01-27,4506,12,5,0.4166666666666667,-8.25,-0.6875,12.75,-15.25,5.166666666666667
2026-01-27,4507,4,4,1.0,17.0,4.25,12.0,1.0,34.25
2026-01-27,4531,10,3,0.3,-2.5,-0.25,10.5,-7.5,30.6
2026-01-27,4584,6,2,0.3333333333333333,1.5,0.25,5.0,-3.0,51.0
2026-01-27,4593,8,1,0.125,-16.5,-2.0625,3.0,-5.5,37.5
2026-01-27,5016,12,4,0.3333333333333333,-29.0,-2.4166666666666665,11.0,-11.0,6.833333333333333
2026-01-27,5243,1,0,0.0,-5.5,-5.5,-5.5,-5.5,1.0
2026-01-27,5332,10,4,0.4,-10.0,-1.0,16.5,-17.0,4.8
2026-01-27,5401,7,2,0.2857142857142857,-4.14999999999975,-0.5928571428571071,6.150000000000091,-5.650000000000091,43.714285714285715
2026-01-27,5706,1,1,1.0,17.5,17.5,17.5,17.5,1.0
2026-01-27,5707,13,7,0.5384615384615384,46.5,3.576923076923077,21.5,-17.5,2.923076923076923
2026-01-27,5713,1,1,1.0,38.5,38.5,38.5,38.5,2.0
2026-01-27,5801,2,2,1.0,55.0,27.5,45.0,10.0,1.0
2026-01-27,5802,3,3,1.0,104.5,34.833333333333336,46.0,13.5,2.6666666666666665
2026-01-27,5803,2,1,0.5,-22.5,-11.25,15.0,-37.5,1.0
2026-01-27,6098,4,1,0.25,-25.0,-6.25,16.0,-22.5,1.25
2026-01-27,6146,7,4,0.5714285714285714,-10.0,-1.4285714285714286,50.0,-90.0,1.0
2026-01-27,6166,14,5,0.35714285714285715,-28.0,-2.0,10.0,-7.5,21.642857142857142
2026-01-27,6269,1,1,1.0,65.0,65.0,65.0,65.0,1.0
2026-01-27,6273,1,1,1.0,20.0,20.0,20.0,20.0,1.0
2026-01-27,6315,6,1,0.16666666666666666,-30.0,-5.0,10.0,-20.0,3.6666666666666665
2026-01-27,6323,3,2,0.6666666666666666,18.0,6.0,11.5,-5.0,1.3333333333333333
2026-01-27,6330,7,5,0.7142857142857143,85.0,12.142857142857142,55.0,-30.0,1.1428571428571428
2026-01-27,6361,19,7,0.3684210526315789,-7.0,-0.3684210526315789,38.5,-20.5,3.210526315789474
2026-01-27,6506,7,5,0.7142857142857143,46.0,6.571428571428571,21.0,-12.0,2.7142857142857144
2026-01-27,6525,3,1,0.3333333333333333,48.0,16.0,66.0,-11.0,1.0
2026-01-27,6590,7,5,0.7142857142857143,20.0,2.857142857142857,60.0,-105.0,1.1428571428571428
2026-01-27,6701,6,3,0.5,-0.5,-0.08333333333333333,13.0,-15.0,2.3333333333333335
2026-01-27,6702,11,3,0.2727272727272727,-24.5,-2.227272727272727,12.5,-7.5,7.7272727272727275
2026-01-27,6723,3,2,0.6666666666666666,11.5,3.8333333333333335,11.5,-5.0,25.666666666666668
2026-01-27,6752,4,0,0.0,-28.25,-7.0625,-5.0,-12.5,14.0
2026-01-27,6814,9,3,0.3333333333333333,-5.0,-0.5555555555555556,20.0,-10.0,2.4444444444444446
2026-01-27,6857,8,5,0.625,30.0,3.75,35.0,-27.5,1.25
2026-01-27,6871,7,5,0.7142857142857143,50.0,7.142857142857143,35.0,-20.0,1.2857142857142858
2026-01-27,6890,1,1,1.0,10.0,10.0,10.0,10.0,1.0
2026-01-27,6920,1,0,0.0,-10.0,-10.0,-10.0,-10.0,2.0
2026-01-27,6954,6,3,0.5,-1.0,-0.16666666666666666,15.0,-19.5,2.8333333333333335
2026-01-27,6963,4,2,0.5,8.25,2.0625,14.0,-12.0,16.25
2026-01-27,6993,6,2,0.3333333333333333,-2.0,-0.3333333333333333,4.0,-5.0,51.0
2026-01-27,7003,2,0,0.0,-16.0,-8.0,-7.0,-9.0,1.0
2026-01-27,7011,12,6,0.5,14.5,1.2083333333333333,14.5,-19.5,2.75
2026-01-27,7012,12,5,0.4166666666666667,-2.5,-0.20833333333333334,40.0,-30.0,1.8333333333333333
2026-01-27,7014,12,9,0.75,77.5,6.458333333333333,20.0,-17.5,2.25
2026-01-27,7182,1,0,0.0,-3.0,-3.0,-3.0,-3.0,9.0
2026-01-27,7280,20,7,0.35,-18.0,-0.9,16.5,-10.0,13.4
2026-01-27,7711,6,3,0.5,5.0,0.8333333333333334,20.0,-35.0,2.0
2026-01-27,7729,1,0,0.0,-12.5,-12.5,-12.5,-12.5,2.0
2026-01-27,7731,3,3,1.0,39.25,13.083333333333334,16.5,8.75,4.0
2026-01-27,7735,8,4,0.5,35.0,4.375,27.5,-17.5,1.25
2026-01-27,7746,16,6,0.375,-9.0,-0.5625,19.0,-14.0,4.0
2026-01-27,7771,7,2,0.2857142857142857,-11.5,-1.6428571428571428,1.5,-6.0,43.285714285714285
2026-01-27,7779,7,3,0.42857142857142855,-2.0,-0.2857142857142857,7.5,-5.5,42.142857142857146
2026-01-27,7911,5,2,0.4,16.0,3.2,18.5,-6.5,13.0
2026-01-27,8035,2,1,0.5,40.0,20.0,50.0,-10.0,1.0
2026-01-27,8136,10,7,0.7,47.0,4.7,16.0,-10.5,4.5
2026-01-27,8267,1,0,0.0,-6.25,-6.25,-6.25,-6.25,2.0
2026-01-27,8306,6,2,0.3333333333333333,-8.0,-1.3333333333333333,11.0,-5.5,15.166666666666666
2026-01-27,8316,3,1,0.3333333333333333,-2.5,-0.8333333333333334,13.0,-8.5,2.6666666666666665
2026-01-27,8411,1,1,1.0,15.0,15.0,15.0,15.0,3.0
2026-01-27,9250,28,11,0.39285714285714285,10.5,0.375,32.0,-21.5,3.8214285714285716
2026-01-27,9501,9,1,0.1111111111111111,-27.25,-3.0277777777777777,10.75,-6.600000000000023,15.777777777777779
2026-01-27,9983,1,0,0.0,-55.0,-55.0,-55.0,-55.0,1.0
2026-01-28,157A,5,0,0.0,-42.0,-8.4,-6.0,-15.0,3.6
2026-01-28,1801,12,4,0.3333333333333333,-10.0,-0.8333333333333334,20.0,-20.0,2.6666666666666665
2026-01-28,198A,4,0,0.0,-12.5,-3.125,-0.5,-6.0,55.25
2026-01-28,202A,4,0,0.0,0.0,0.0,0.0,0.0,55.25
2026-01-28,2667,6,2,0.3333333333333333,-3.0,-0.5,5.0,-5.0,36.833333333333336
2026-01-28,3350,2,0,0.0,-6.0,-3.0,-2.0,-4.0,58.5
2026-01-28,3436,3,2,0.6666666666666666,20.75,6.916666666666667,15.25,-0.25,46.333333333333336
2026-01-28,3647,4,1,0.25,0.0,0.0,1.0,-1.0,55.25
2026-01-28,4062,15,10,0.6666666666666666,114.5,7.633333333333334,49.0,-20.0,2.933333333333333
2026-01-28,4082,14,4,0.2857142857142857,-32.5,-2.3214285714285716,12.5,-8.0,4.5
2026-01-28,4098,6,1,0.16666666666666666,-18.5,-3.0833333333333335,11.5,-8.5,14.666666666666666
2026-01-28,4237,8,1,0.125,-18.5,-2.3125,10.0,-6.0,27.5
2026-01-28,4506,4,3,0.75,19.75,4.9375,12.75,-7.5,9.75
2026-01-28,4531,5,2,0.4,-14.5,-2.9,4.0,-10.0,44.8
2026-01-28,4584,4,0,0.0,-10.0,-2.5,-2.0,-3.0,55.25
2026-01-28,4593,5,2,0.4,8.0,1.6,7.0,-3.0,44.2
2026-01-28,5016,2,0,0.0,-21.25,-10.625,-5.5,-15.75,2.0
2026-01-28,5243,4,2,0.5,15.0,3.75,13.5,-6.5,9.0
2026-01-28,5401,2,0,0.0,-3.8500000000001364,-1.9250000000000682,-0.6000000000001364,-3.25,44.5
2026-01-28,5631,11,2,0.18181818181818182,-67.5,-6.136363636363637,18.0,-18.0,2.909090909090909
2026-01-28,5803,4,1,0.25,-42.5,-10.625,42.5,-57.5,1.25
2026-01-28,6081,10,5,0.5,9.5,0.95,12.5,-7.0,21.2
2026-01-28,6269,2,2,1.0,70.0,35.0,40.0,30.0,1.0
2026-01-28,6315,5,1,0.2,-12.5,-2.5,20.0,-10.0,2.2
2026-01-28,6323,5,2,0.4,23.0,4.6,38.5,-11.0,2.0
2026-01-28,6367,10,4,0.4,12.5,1.25,20.0,-12.5,3.0
2026-01-28,6590,2,1,0.5,-15.0,-7.5,35.0,-50.0,1.5
2026-01-28,6723,10,2,0.2,-22.75,-2.275,22.25,-11.75,6.9
2026-01-28,6758,8,3,0.375,-5.0,-0.625,10.0,-6.0,16.875
2026-01-28,6814,5,4,0.8,60.0,12.0,30.0,-10.0,3.8
2026-01-28,6871,3,3,1.0,30.0,10.0,10.0,10.0,2.0
2026-01-28,6890,7,2,0.2857142857142857,-50.0,-7.142857142857143,10.0,-25.0,2.142857142857143
2026-01-28,6920,2,1,0.5,25.0,12.5,45.0,-20.0,1.0
2026-01-28,6993,5,2,0.4,2.0,0.4,8.0,-5.0,44.8
2026-01-28,7012,15,3,0.2,-125.0,-8.333333333333334,17.5,-27.5,1.4666666666666666
2026-01-28,7014,12,8,0.6666666666666666,80.0,6.666666666666667,20.0,-10.0,3.1666666666666665
2026-01-28,7182,3,1,0.3333333333333333,0.0,0.0,10.0,-5.0,10.0
2026-01-28,7729,3,1,0.3333333333333333,2.5,0.8333333333333334,17.5,-7.5,1.3333333333333333
2026-01-28,7731,6,3,0.5,2.75,0.4583333333333333,5.5,-5.25,28.833333333333332
2026-01-28,7735,2,1,0.5,-12.5,-6.25,17.5,-30.0,2.5
2026-01-28,7771,5,2,0.4,6.5,1.3,10.5,-5.5,44.2
2026-01-28,7779,3,0,0.0,-9.0,-3.0,0.0,-6.0,45.333333333333336
2026-01-28,8058,6,2,0.3333333333333333,10.5,1.75,26.0,-7.0,9.666666666666666
2026-01-28,8136,3,3,1.0,27.5,9.166666666666666,16.0,5.0,8.666666666666666
2026-01-28,8306,4,3,0.75,13.5,3.375,10.0,-5.25,32.0
2026-01-28,8316,15,6,0.4,-7.0,-0.4666666666666667,10.0,-10.0,10.133333333333333
2026-01-28,8411,12,6,0.5,16.0,1.3333333333333333,14.0,-10.0,7.666666666666667
2026-01-28,8766,1,1,1.0,11.0,11.0,11.0,11.0,13.0
2026-01-28,9250,1,0,0.0,-8.0,-8.0,-8.0,-8.0,5.0
2026-01-28,9983,5,2,0.4,-30.0,-6.0,35.0,-75.0,1.2
2026-01-29,157A,19,8,0.42105263157894735,21.5,1.131578947368421,27.5,-14.0,5.7894736842105265
2026-01-29,168A,3,0,0.0,-23.5,-7.833333333333333,-6.0,-10.5,8.0
2026-01-29,1801,1,1,1.0,17.5,17.5,17.5,17.5,1.0
2026-01-29,202A,5,0,0.0,0.0,0.0,0.0,0.0,50.6
2026-01-29,285A,12,3,0.25,-290.0,-24.166666666666668,70.0,-140.0,1.0
2026-01-29,3110,17,6,0.35294117647058826,-200.0,-11.764705882352942,45.0,-160.0,1.3529411764705883
2026-01-29,3350,2,0,0.0,-7.0,-3.5,-2.0,-5.0,30.0
2026-01-29,3436,13,8,0.6153846153846154,49.5,3.8076923076923075,13.5,-8.25,9.384615384615385
2026-01-29,3647,5,0,0.0,0.0,0.0,0.0,0.0,50.6
2026-01-29,3692,22,8,0.36363636363636365,-90.0,-4.090909090909091,40.0,-35.0,1.5
2026-01-29,4004,5,2,0.4,11.0,2.2,19.5,-15.0,3.2
2026-01-29,4062,1,0,0.0,-14.0,-14.0,-14.0,-14.0,1.0
2026-01-29,4098,2,2,1.0,14.0,7.0,10.0,4.0,23.0
2026-01-29,4237,8,4,0.5,3.5,0.4375,8.0,-5.5,30.875
2026-01-29,4506,10,9,0.9,80.75,8.075,27.0,-5.5,14.5
2026-01-29,4507,4,2,0.5,7.0,1.75,10.0,-7.5,9.75
2026-01-29,4531,6,5,0.8333333333333334,10.5,1.75,6.5,-5.0,42.166666666666664
2026-01-29,4593,6,1,0.16666666666666666,-5.5,-0.9166666666666666,5.0,-5.0,42.166666666666664
2026-01-29,5016,8,1,0.125,-42.5,-5.3125,5.5,-9.25,10.75
2026-01-29,5216,7,2,0.2857142857142857,-9.5,-1.3571428571428572,2.0,-5.5,35.142857142857146
2026-01-29,5243,9,5,0.5555555555555556,17.0,1.8888888888888888,17.0,-16.0,4.111111111111111
2026-01-29,5332,5,3,0.6,19.0,3.8,13.0,-5.0,13.8
2026-01-29,5401,4,3,0.75,6.200000000000159,1.5500000000000398,4.850000000000136,-0.9499999999999318,55.0
2026-01-29,5631,3,3,1.0,55.5,18.5,26.0,14.0,1.6666666666666667
2026-01-29,5707,19,6,0.3157894736842105,-30.5,-1.605263157894737,15.5,-9.0,5.052631578947368
2026-01-29,5713,1,1,1.0,15.0,15.0,15.0,15.0,2.0
2026-01-29,5801,16,5,0.3125,-127.5,-7.96875,25.0,-57.5,1.5625
2026-01-29,5803,7,4,0.5714285714285714,-20.0,-2.857142857142857,25.0,-52.5,1.0
2026-01-29,6081,1,0,0.0,-5.0,-5.0,-5.0,-5.0,8.0
2026-01-29,6166,4,1,0.25,-10.5,-2.625,7.0,-7.0,6.5
2026-01-29,6269,16,10,0.625,142.5,8.90625,32.5,-20.0,1.25
2026-01-29,6273,1,0,0.0,-135.0,-135.0,-135.0,-135.0,1.0
2026-01-29,6315,17,10,0.5882352941176471,57.5,3.3823529411764706,17.5,-10.0,2.235294117647059
2026-01-29,6323,9,2,0.2222222222222222,-44.5,-4.944444444444445,20.5,-17.5,2.7777777777777777
2026-01-29,6330,24,13,0.5416666666666666,120.0,5.0,30.0,-15.0,1.5416666666666667
2026-01-29,6361,1,0,0.0,-11.5,-11.5,-11.5,-11.5,1.0
2026-01-29,6501,7,1,0.14285714285714285,-29.0,-4.142857142857143,10.5,-10.5,3.4285714285714284
2026-01-29,6590,2,0,0.0,-220.0,-110.0,-75.0,-145.0,1.0
2026-01-29,6702,15,7,0.4666666666666667,10.5,0.7,12.5,-11.5,9.666666666666666
2026-01-29,6723,4,2,0.5,2.75,0.6875,12.25,-9.75,13.0
2026-01-29,6752,2,2,1.0,15.75,7.875,10.25,5.5,19.5
2026-01-29,6758,3,2,0.6666666666666666,11.0,3.6666666666666665,10.0,-9.0,9.0
2026-01-29,6762,6,2,0.3333333333333333,-16.5,-2.75,6.0,-8.25,11.833333333333334
2026-01-29,6814,8,2,0.25,-15.0,-1.875,15.0,-10.0,2.25
2026-01-29,6861,3,1,0.3333333333333333,-20.0,-6.666666666666667,10.0,-20.0,1.3333333333333333
2026-01-29,6871,21,12,0.5714285714285714,90.0,4.285714285714286,35.0,-20.0,1.8571428571428572
2026-01-29,6890,16,6,0.375,-40.0,-2.5,20.0,-25.0,3.6875
2026-01-29,6920,1,1,1.0,60.0,60.0,60.0,60.0,1.0
2026-01-29,6954,19,11,0.5789473684210527,59.5,3.1315789473684212,22.0,-24.0,5.894736842105263
2026-01-29,6963,4,3,0.75,26.0,6.5,12.0,-7.0,11.75
2026-01-29,6993,5,3,0.6,6.0,1.2,4.0,-2.0,50.6
2026-01-29,7003,6,2,0.3333333333333333,-13.0,-2.1666666666666665,12.0,-12.5,1.6666666666666667
2026-01-29,7011,16,5,0.3125,-19.5,-1.21875,13.0,-11.0,6.5625
2026-01-29,7012,12,7,0.5833333333333334,35.0,2.9166666666666665,30.0,-27.5,1.8333333333333333
2026-01-29,7013,1,1,1.0,15.0,15.0,15.0,15.0,2.0
2026-01-29,7182,3,3,1.0,26.75,8.916666666666666,11.0,5.5,17.333333333333332
2026-01-29,7203,4,2,0.5,6.0,1.5,13.5,-9.0,7.25
2026-01-29,7280,8,3,0.375,-15.5,-1.9375,10.0,-11.0,18.25
2026-01-29,7711,8,3,0.375,-75.0,-9.375,45.0,-55.0,1.125
2026-01-29,7731,1,0,0.0,-6.25,-6.25,-6.25,-6.25,21.0
2026-01-29,7735,12,4,0.3333333333333333,-70.0,-5.833333333333333,45.0,-52.5,1.5833333333333333
2026-01-29,7746,13,4,0.3076923076923077,-22.0,-1.6923076923076923,10.5,-13.0,16.53846153846154
2026-01-29,7771,6,3,0.5,12.0,2.0,10.5,-5.0,37.5
2026-01-29,8058,8,1,0.125,-29.5,-3.6875,10.0,-7.0,14.375
2026-01-29,8136,7,2,0.2857142857142857,-20.0,-2.857142857142857,10.0,-16.0,2.4285714285714284
2026-01-29,8306,2,1,0.5,3.5,1.75,10.0,-6.5,35.0
2026-01-29,8316,2,0,0.0,-11.0,-5.5,-5.0,-6.0,7.5
2026-01-29,8411,6,2,0.3333333333333333,-11.5,-1.9166666666666667,11.0,-11.0,4.0
2026-01-29,8766,2,2,1.0,14.0,7.0,12.5,1.5,12.5
2026-01-29,9250,3,0,0.0,-16.5,-5.5,-0.5,-10.0,9.333333333333334
2026-01-29,9501,6,2,0.3333333333333333,5.999999999999886,0.999999999999981,10.0,-5.149999999999977,41.666666666666664
2026-01-30,168A,6,0,0.0,0.0,0.0,0.0,0.0,51.166666666666664
2026-01-30,198A,6,0,0.0,0.0,0.0,0.0,0.0,51.166666666666664
2026-01-30,202A,6,0,0.0,0.0,0.0,0.0,0.0,51.166666666666664
2026-01-30,2667,6,0,0.0,0.0,0.0,0.0,0.0,51.166666666666664
2026-01-30,3647,6,0,0.0,0.0,0.0,0.0,0.0,51.166666666666664
2026-01-30,3697,6,0,0.0,0.0,0.0,0.0,0.0,51.166666666666664
2026-01-30,4098,6,0,0.0,0.0,0.0,0.0,0.0,51.166666666666664
2026-01-30,4237,6,0,0.0,0.0,0.0,0.0,0.0,51.166666666666664
2026-01-30,4506,6,0,0.0,0.0,0.0,0.0,0.0,51.166666666666664
2026-01-30,4531,6,0,0.0,0.0,0.0,0.0,0.0,51.166666666666664
2026-01-30,4584,6,0,0.0,0.0,0.0,0.0,0.0,51.166666666666664
2026-01-30,4593,6,0,0.0,0.0,0.0,0.0,0.0,51.166666666666664
2026-01-30,5216,6,0,0.0,0.0,0.0,0.0,0.0,51.166666666666664
2026-01-30,5401,6,0,0.0,0.0,0.0,0.0,0.0,51.166666666666664
2026-01-30,5801,6,0,0.0,0.0,0.0,0.0,0.0,51.166666666666664
2026-01-30,6081,6,0,0.0,0.0,0.0,0.0,0.0,51.166666666666664
2026-01-30,6166,6,0,0.0,0.0,0.0,0.0,0.0,51.166666666666664
2026-01-30,6330,6,0,0.0,0.0,0.0,0.0,0.0,51.166666666666664
2026-01-30,6993,6,0,0.0,0.0,0.0,0.0,0.0,51.166666666666664
2026-01-30,7003,6,0,0.0,0.0,0.0,0.0,0.0,51.166666666666664
2026-01-30,7203,6,0,0.0,0.0,0.0,0.0,0.0,51.166666666666664
2026-01-30,7746,6,0,0.0,0.0,0.0,0.0,0.0,51.166666666666664
2026-01-30,7771,6,0,0.0,0.0,0.0,0.0,0.0,51.166666666666664
2026-01-30,8267,6,0,0.0,0.0,0.0,0.0,0.0,51.166666666666664
2026-01-30,9501,6,0,0.0,0.0,0.0,0.0,0.0,51.166666666666664
2026-02-02,157A,20,11,0.55,34.5,1.725,19.5,-12.5,12.7
2026-02-02,168A,7,5,0.7142857142857143,45.0,6.428571428571429,15.5,-5.0,12.571428571428571
2026-02-02,1801,7,4,0.5714285714285714,12.5,1.7857142857142858,25.0,-50.0,1.4285714285714286
2026-02-02,1812,1,0,0.0,-10.0,-10.0,-10.0,-10.0,9.0
2026-02-02,198A,10,3,0.3,-7.0,-0.7,7.5,-7.0,29.6
2026-02-02,202A,6,0,0.0,0.0,0.0,0.0,0.0,51.166666666666664
2026-02-02,2667,6,4,0.6666666666666666,19.5,3.25,10.5,-5.0,33.0
2026-02-02,2768,8,4,0.5,16.5,2.0625,17.0,-10.5,4.75
2026-02-02,285A,3,3,1.0,295.0,98.33333333333333,157.5,32.5,1.0
2026-02-02,3110,13,3,0.23076923076923078,-155.0,-11.923076923076923,20.0,-40.0,1.4615384615384615
2026-02-02,3350,15,9,0.6,17.0,1.1333333333333333,16.0,-8.0,20.4
2026-02-02,3436,1,1,1.0,6.0,6.0,6.0,6.0,35.0
2026-02-02,3647,6,0,0.0,-1.0,-0.16666666666666666,0.0,-1.0,51.166666666666664
2026-02-02,3692,5,1,0.2,-35.0,-7.0,10.0,-15.0,1.6
2026-02-02,3697,7,2,0.2857142857142857,-12.550000000000182,-1.792857142857169,10.75,-6.350000000000023,32.714285714285715
2026-02-02,4004,3,2,0.6666666666666666,69.0,23.0,43.5,-5.0,4.0
2026-02-02,4062,14,5,0.35714285714285715,6.0,0.42857142857142855,29.0,-16.0,2.0
2026-02-02,4082,14,11,0.7857142857142857,229.0,16.357142857142858,50.0,-43.0,1.5714285714285714
2026-02-02,4098,15,6,0.4,2.0,0.13333333333333333,16.5,-15.5,11.733333333333333
2026-02-02,4107,5,0,0.0,-40.0,-8.0,-5.0,-10.0,1.0
2026-02-02,4237,8,3,0.375,6.0,0.75,8.5,-5.5,38.375
2026-02-02,4506,15,7,0.4666666666666667,5.75,0.38333333333333336,27.25,-30.25,1.6
2026-02-02,4507,10,4,0.4,-14.0,-1.4,11.5,-18.5,10.5
2026-02-02,4531,10,4,0.4,-1.5,-0.15,10.5,-12.5,30.2
2026-02-02,4584,2,1,0.5,-1.0,-0.5,0.5,-1.5,57.0
2026-02-02,4593,8,3,0.375,-2.5,-0.3125,9.5,-6.0,37.75
2026-02-02,5016,15,7,0.4666666666666667,8.75,0.5833333333333334,19.25,-12.5,5.4
2026-02-02,5216,8,3,0.375,-12.0,-1.5,3.0,-5.0,38.375
2026-02-02,5243,7,5,0.7142857142857143,47.5,6.785714285714286,17.0,-8.5,4.714285714285714
2026-02-02,5332,6,2,0.3333333333333333,-10.5,-1.75,18.5,-13.5,1.8333333333333333
2026-02-02,5401,7,5,0.7142857142857143,14.750000000000114,2.107142857142873,10.199999999999818,-3.2999999999999545,39.857142857142854
2026-02-02,5631,2,2,1.0,33.5,16.75,19.5,14.0,1.0
2026-02-02,5706,1,1,1.0,45.0,45.0,45.0,45.0,1.0
2026-02-02,5707,15,4,0.26666666666666666,-48.0,-3.2,32.5,-19.0,2.2666666666666666
2026-02-02,5713,7,1,0.14285714285714285,-68.5,-9.785714285714286,29.5,-26.0,1.4285714285714286
2026-02-02,5801,6,4,0.6666666666666666,130.0,21.666666666666668,107.5,-60.0,1.1666666666666667
2026-02-02,5803,3,1,0.3333333333333333,-130.0,-43.333333333333336,10.0,-135.0,1.0
2026-02-02,6081,9,2,0.2222222222222222,-16.0,-1.7777777777777777,5.0,-6.5,34.111111111111114
2026-02-02,6098,10,3,0.3,-20.0,-2.0,20.5,-14.0,1.9
2026-02-02,6146,5,2,0.4,-360.0,-72.0,45.0,-365.0,1.0
2026-02-02,6166,19,8,0.42105263157894735,14.5,0.7631578947368421,32.0,-16.0,8.842105263157896
2026-02-02,6269,5,3,0.6,102.5,20.5,102.5,-55.0,1.2
2026-02-02,6315,9,2,0.2222222222222222,-6.0,-0.6666666666666666,24.0,-10.5,6.555555555555555
2026-02-02,6323,17,4,0.23529411764705882,-65.5,-3.8529411764705883,16.0,-13.0,3.9411764705882355
2026-02-02,6361,2,2,1.0,24.5,12.25,14.5,10.0,2.5
2026-02-02,6367,3,1,0.3333333333333333,-25.0,-8.333333333333334,10.0,-20.0,1.3333333333333333
2026-02-02,6501,1,1,1.0,10.5,10.5,10.5,10.5,2.0
2026-02-02,6506,17,7,0.4117647058823529,9.5,0.5588235294117647,21.5,-13.5,4.235294117647059
2026-02-02,6525,5,3,0.6,36.5,7.3,37.0,-29.0,1.4
2026-02-02,6590,7,5,0.7142857142857143,95.0,13.571428571428571,45.0,-30.0,1.0
2026-02-02,6701,17,5,0.29411764705882354,-30.0,-1.7647058823529411,19.0,-14.0,3.8823529411764706
2026-02-02,6702,8,1,0.125,-57.5,-7.1875,10.0,-15.0,2.875
2026-02-02,6723,6,4,0.6666666666666666,32.25,5.375,15.75,-10.0,8.166666666666666
2026-02-02,6752,4,1,0.25,-9.25,-2.3125,10.75,-8.75,8.75
2026-02-02,6758,5,2,0.4,-1.0,-0.2,12.0,-9.0,5.0
2026-02-02,6762,4,1,0.25,-8.5,-2.125,10.5,-12.5,15.25
2026-02-02,6814,21,7,0.3333333333333333,-40.0,-1.9047619047619047,20.0,-20.0,1.9047619047619047
2026-02-02,6857,4,1,0.25,-75.0,-18.75,80.0,-87.5,1.0
2026-02-02,6861,7,3,0.42857142857142855,-15.0,-2.142857142857143,25.0,-30.0,1.2857142857142858
2026-02-02,6871,22,8,0.36363636363636365,-40.0,-1.8181818181818181,30.0,-40.0,1.5909090909090908
2026-02-02,6890,15,6,0.4,-20.0,-1.3333333333333333,15.0,-10.0,1.4666666666666666
2026-02-02,6920,5,3,0.6,390.0,78.0,245.0,-100.0,1.2
2026-02-02,6963,20,9,0.45,-1.75,-0.0875,12.25,-14.5,8.35
2026-02-02,6993,7,3,0.42857142857142855,-2.5,-0.35714285714285715,3.0,-5.0,43.857142857142854
2026-02-02,7003,9,4,0.4444444444444444,7.5,0.8333333333333334,19.5,-19.5,2.111111111111111
2026-02-02,7011,10,3,0.3,-17.5,-1.75,13.0,-12.0,2.8
2026-02-02,7012,7,2,0.2857142857142857,-82.5,-11.785714285714286,30.0,-52.5,1.0
2026-02-02,7013,2,1,0.5,-2.0,-1.0,11.0,-13.0,3.0
2026-02-02,7014,6,1,0.16666666666666666,-20.0,-3.3333333333333335,10.0,-10.0,2.3333333333333335
2026-02-02,7182,9,0,0.0,-59.75,-6.638888888888889,-5.0,-10.75,5.0
2026-02-02,7203,5,3,0.6,14.0,2.8,11.0,-7.0,4.8
2026-02-02,7280,13,5,0.38461538461538464,8.0,0.6153846153846154,19.0,-14.0,5.538461538461538
2026-02-02,7711,7,4,0.5714285714285714,-5.0,-0.7142857142857143,25.0,-20.0,1.0
2026-02-02,7729,16,4,0.25,-107.5,-6.71875,20.0,-45.0,1.4375
2026-02-02,7731,6,6,1.0,24.25,4.041666666666667,10.0,0.25,30.666666666666668
2026-02-02,7735,7,3,0.42857142857142855,35.0,5.0,65.0,-67.5,1.0
2026-02-02,7746,1,1,1.0,30.0,30.0,30.0,30.0,3.0
2026-02-02,7771,11,7,0.6363636363636364,36.5,3.3181818181818183,16.5,-6.5,11.909090909090908
2026-02-02,7779,3,1,0.3333333333333333,-5.0,-1.6666666666666667,2.0,-5.0,34.333333333333336
2026-02-02,8035,2,0,0.0,-245.0,-122.5,-95.0,-150.0,1.0
2026-02-02,8058,7,4,0.5714285714285714,22.5,3.2142857142857144,13.0,-7.0,5.428571428571429
2026-02-02,8267,2,0,0.0,-18.25,-9.125,-8.25,-10.0,6.5
2026-02-02,8306,4,2,0.5,4.5,1.125,11.0,-6.5,5.5
2026-02-02,8316,1,0,0.0,-6.5,-6.5,-6.5,-6.5,3.0
2026-02-02,8411,4,2,0.5,11.0,2.75,12.5,-5.5,2.5
2026-02-02,9250,7,3,0.42857142857142855,9.5,1.3571428571428572,12.5,-8.0,17.142857142857142
2026-02-02,9501,13,5,0.38461538461538464,-6.25,-0.4807692307692308,10.049999999999955,-7.0499999999999545,22.846153846153847
2026-02-02,9984,3,1,0.3333333333333333,-40.5,-13.5,14.5,-43.5,4.666666666666667
2026-02-03,157A,20,8,0.4,-4.0,-0.2,18.5,-14.0,13.15
2026-02-03,168A,4,1,0.25,-6.5,-1.625,12.0,-12.0,24.75
2026-02-03,1801,15,6,0.4,27.5,1.8333333333333333,27.5,-12.5,2.2666666666666666
2026-02-03,198A,1,1,1.0,3.0,3.0,3.0,3.0,60.0
2026-02-03,202A,6,0,0.0,0.0,0.0,0.0,0.0,51.166666666666664
2026-02-03,2667,6,5,0.8333333333333334,4.0,0.6666666666666666,3.0,-5.0,47.833333333333336
2026-02-03,2768,2,1,0.5,5.0,2.5,14.0,-9.0,1.0
2026-02-03,285A,13,10,0.7692307692307693,250.0,19.23076923076923,50.0,-10.0,1.0769230769230769
2026-02-03,3110,3,3,1.0,215.0,71.66666666666667,160.0,25.0,2.0
2026-02-03,3350,11,4,0.36363636363636365,-1.0,-0.09090909090909091,9.0,-6.0,27.90909090909091
2026-02-03,3647,6,2,0.3333333333333333,2.0,0.3333333333333333,1.0,0.0,51.166666666666664
2026-02-03,3692,2,0,0.0,-40.0,-20.0,-10.0,-30.0,2.0
2026-02-03,3697,6,2,0.3333333333333333,-3.2499999999998863,-0.5416666666666478,6.5,-6.050000000000068,25.5
2026-02-03,4004,4,3,0.75,20.0,5.0,11.5,-12.5,3.25
2026-02-03,4082,22,7,0.3181818181818182,-154.0,-7.0,14.0,-58.5,2.772727272727273
2026-02-03,4098,6,1,0.16666666666666666,-27.5,-4.583333333333333,14.0,-12.5,8.833333333333334
2026-02-03,4107,18,9,0.5,-30.0,-1.6666666666666667,20.0,-35.0,1.3888888888888888
2026-02-03,4237,7,5,0.7142857142857143,15.0,2.142857142857143,7.0,-2.5,43.42857142857143
2026-02-03,4506,32,13,0.40625,-25.5,-0.796875,18.0,-19.5,3.375
2026-02-03,4531,8,5,0.625,7.0,0.875,10.5,-7.5,38.375
2026-02-03,4584,3,1,0.3333333333333333,-9.5,-3.1666666666666665,0.5,-5.0,40.666666666666664
2026-02-03,4593,8,4,0.5,0.5,0.0625,10.0,-5.0,38.375
2026-02-03,5016,12,4,0.3333333333333333,-2.5,-0.20833333333333334,13.25,-7.0,12.666666666666666
2026-02-03,5216,8,4,0.5,18.5,2.3125,13.0,-5.5,38.375
2026-02-03,5243,4,3,0.75,24.0,6.0,12.5,-9.0,6.75
2026-02-03,5332,8,3,0.375,-22.0,-2.75,12.0,-18.0,2.75
2026-02-03,5631,7,5,0.7142857142857143,58.5,8.357142857142858,24.5,-18.5,3.857142857142857
2026-02-03,5706,3,2,0.6666666666666666,17.5,5.833333333333333,25.0,-22.5,1.6666666666666667
2026-02-03,5707,3,0,0.0,-43.0,-14.333333333333334,-9.0,-18.5,1.6666666666666667
2026-02-03,5713,6,3,0.5,35.0,5.833333333333333,39.0,-11.5,1.1666666666666667
2026-02-03,5801,2,0,0.0,-25.0,-12.5,-10.0,-15.0,2.0
2026-02-03,5802,3,1,0.3333333333333333,-21.5,-7.166666666666667,10.0,-23.5,1.6666666666666667
2026-02-03,5803,2,1,0.5,62.5,31.25,75.0,-12.5,1.0
2026-02-03,6081,6,3,0.5,5.5,0.9166666666666666,5.0,-5.0,44.666666666666664
2026-02-03,6166,6,2,0.3333333333333333,-11.5,-1.9166666666666667,10.5,-10.5,10.333333333333334
2026-02-03,6269,5,0,0.0,-75.0,-15.0,-7.5,-30.0,1.6
2026-02-03,6323,4,3,0.75,27.0,6.75,12.0,-6.0,13.25
2026-02-03,6330,9,3,0.3333333333333333,-35.0,-3.888888888888889,30.0,-30.0,1.6666666666666667
2026-02-03,6361,9,4,0.4444444444444444,8.5,0.9444444444444444,11.0,-7.5,8.555555555555555
2026-02-03,6367,19,10,0.5263157894736842,52.5,2.763157894736842,25.0,-15.0,2.3157894736842106
2026-02-03,6506,14,6,0.42857142857142855,-15.0,-1.0714285714285714,13.0,-20.5,3.7142857142857144
2026-02-03,6525,9,6,0.6666666666666666,122.0,13.555555555555555,100.0,-10.5,3.3333333333333335
2026-02-03,6590,1,0,0.0,-20.0,-20.0,-20.0,-20.0,1.0
2026-02-03,6701,3,3,1.0,59.0,19.666666666666668,40.0,8.0,2.3333333333333335
2026-02-03,6723,6,4,0.6666666666666666,29.5,4.916666666666667,12.5,-7.75,3.8333333333333335
2026-02-03,6758,11,4,0.36363636363636365,10.0,0.9090909090909091,14.5,-6.5,8.363636363636363
2026-02-03,6857,1,1,1.0,47.5,47.5,47.5,47.5,1.0
2026-02-03,6861,1,1,1.0,25.0,25.0,25.0,25.0,1.0
2026-02-03,6871,16,5,0.3125,-50.0,-3.125,25.0,-35.0,1.875
2026-02-03,6890,11,7,0.6363636363636364,50.0,4.545454545454546,20.0,-10.0,3.1818181818181817
2026-02-03,6920,7,3,0.42857142857142855,-95.0,-13.571428571428571,35.0,-110.0,1.0
2026-02-03,6954,2,2,1.0,25.5,12.75,15.0,10.5,1.5
2026-02-03,6963,1,1,1.0,18.75,18.75,18.75,18.75,3.0
2026-02-03,6993,6,4,0.6666666666666666,6.5,1.0833333333333333,3.0,-1.0,51.166666666666664
2026-02-03,7011,1,1,1.0,11.5,11.5,11.5,11.5,2.0
2026-02-03,7012,5,3,0.6,2.5,0.5,10.0,-15.0,4.4
2026-02-03,7013,3,3,1.0,34.0,11.333333333333334,12.5,10.0,2.6666666666666665
2026-02-03,7014,1,0,0.0,-20.0,-20.0,-20.0,-20.0,1.0
2026-02-03,7182,4,3,0.75,28.0,7.0,18.25,-12.5,6.5
2026-02-03,7280,4,1,0.25,-10.5,-2.625,6.0,-7.5,23.75
2026-02-03,7711,7,5,0.7142857142857143,20.0,2.857142857142857,20.0,-50.0,1.7142857142857142
2026-02-03,7729,1,1,1.0,32.5,32.5,32.5,32.5,1.0
2026-02-03,7731,2,1,0.5,0.5,0.25,1.0,-0.5,51.0
2026-02-03,7735,5,2,0.4,50.0,10.0,52.5,-20.0,1.0
2026-02-03,7771,7,5,0.7142857142857143,2.5,0.35714285714285715,5.5,-6.0,35.285714285714285
2026-02-03,7779,1,1,1.0,12.0,12.0,12.0,12.0,21.0
2026-02-03,7974,1,1,1.0,20.0,20.0,20.0,20.0,2.0
2026-02-03,8035,3,2,0.6666666666666666,-10.0,-3.3333333333333335,45.0,-90.0,1.3333333333333333
2026-02-03,8267,10,3,0.3,1.0,0.1,28.5,-10.5,12.1
2026-02-03,8306,2,1,0.5,10.5,5.25,15.5,-5.0,4.0
2026-02-03,8411,10,4,0.4,8.5,0.85,18.0,-9.0,3.1
2026-02-03,9250,3,1,0.3333333333333333,2.5,0.8333333333333334,18.5,-10.5,31.666666666666668
2026-02-03,9501,7,4,0.5714285714285714,-2.2500000000001137,-0.32142857142858766,6.449999999999932,-5.2999999999999545,36.285714285714285
2026-02-03,9983,9,5,0.5555555555555556,-5.0,-0.5555555555555556,35.0,-40.0,1.1111111111111112
2026-02-03,9984,7,5,0.7142857142857143,29.5,4.214285714285714,14.0,-14.0,3.857142857142857
2026-02-04,157A,14,6,0.42857142857142855,6.0,0.42857142857142855,20.5,-8.5,21.0
2026-02-04,1801,4,0,0.0,-47.5,-11.875,-7.5,-20.0,2.0
2026-02-04,198A,5,1,0.2,-10.0,-2.0,6.0,-6.5,33.8
2026-02-04,202A,6,0,0.0,0.0,0.0,0.0,0.0,51.166666666666664
2026-02-04,2667,6,4,0.6666666666666666,-4.0,-0.6666666666666666,1.0,-5.0,49.5
2026-02-04,2768,9,2,0.2222222222222222,-34.0,-3.7777777777777777,30.0,-23.0,5.0
2026-02-04,285A,1,1,1.0,25.0,25.0,25.0,25.0,1.0
2026-02-04,3110,20,9,0.45,95.0,4.75,110.0,-70.0,1.1
2026-02-04,3350,8,2,0.25,-6.5,-0.8125,9.0,-5.5,38.375
2026-02-04,3436,7,3,0.42857142857142855,1.75,0.25,14.5,-9.5,10.0
2026-02-04,3647,6,3,0.5,7.5,1.25,10.5,-6.5,37.166666666666664
2026-02-04,3697,3,0,0.0,-25.600000000000136,-8.53333333333338,-7.0,-9.5,4.666666666666667
2026-02-04,4063,19,9,0.47368421052631576,11.5,0.6052631578947368,11.0,-12.5,4.157894736842105
2026-02-04,4082,1,0,0.0,-15.5,-15.5,-15.5,-15.5,1.0
2026-02-04,4098,7,2,0.2857142857142857,-20.5,-2.9285714285714284,10.0,-10.5,19.714285714285715
2026-02-04,4237,7,5,0.7142857142857143,11.5,1.6428571428571428,10.0,-5.5,43.57142857142857
2026-02-04,4506,21,10,0.47619047619047616,46.5,2.2142857142857144,17.25,-8.5,6.714285714285714
2026-02-04,4507,6,4,0.6666666666666666,21.0,3.5,11.5,-6.0,13.333333333333334
2026-02-04,4531,9,4,0.4444444444444444,-1.5,-0.16666666666666666,11.0,-7.0,34.111111111111114
2026-02-04,4593,8,4,0.5,21.5,2.6875,11.5,-5.0,38.375
2026-02-04,5016,12,6,0.5,13.25,1.1041666666666667,12.75,-12.0,4.75
2026-02-04,5216,7,5,0.7142857142857143,12.0,1.7142857142857142,6.5,-5.0,43.857142857142854
2026-02-04,5243,18,8,0.4444444444444444,8.5,0.4722222222222222,14.5,-19.5,3.611111111111111
2026-02-04,5706,1,0,0.0,-37.5,-37.5,-37.5,-37.5,1.0
2026-02-04,5707,25,11,0.44,2.5,0.1,18.0,-20.5,6.44
2026-02-04,5713,4,2,0.5,12.5,3.125,16.5,-12.0,2.25
2026-02-04,5801,9,2,0.2222222222222222,-112.5,-12.5,90.0,-145.0,1.3333333333333333
2026-02-04,5802,14,9,0.6428571428571429,139.5,9.964285714285714,118.5,-68.0,2.0
2026-02-04,6081,5,3,0.6,1.0,0.2,5.5,-7.5,20.2
2026-02-04,6146,1,1,1.0,65.0,65.0,65.0,65.0,1.0
2026-02-04,6166,9,5,0.5555555555555556,31.0,3.4444444444444446,13.0,-5.0,18.11111111111111
2026-02-04,6269,3,1,0.3333333333333333,-57.5,-19.166666666666668,17.5,-62.5,3.0
2026-02-04,6273,2,1,0.5,-5.0,-2.5,30.0,-35.0,1.0
2026-02-04,6330,19,10,0.5263157894736842,55.0,2.8947368421052633,50.0,-25.0,2.8421052631578947
2026-02-04,6361,3,1,0.3333333333333333,-9.0,-3.0,24.0,-23.0,2.6666666666666665
2026-02-04,6367,6,2,0.3333333333333333,-37.5,-6.25,10.0,-22.5,1.5
2026-02-04,6501,8,3,0.375,-21.5,-2.6875,12.0,-21.0,3.25
2026-02-04,6506,8,4,0.5,-1.5,-0.1875,8.5,-9.0,4.375
2026-02-04,6525,9,5,0.5555555555555556,30.0,3.3333333333333335,22.0,-24.5,1.7777777777777777
2026-02-04,6590,2,2,1.0,95.0,47.5,70.0,25.0,2.0
2026-02-04,6701,3,2,0.6666666666666666,64.5,21.5,65.0,-11.5,2.6666666666666665
2026-02-04,6702,8,2,0.25,-31.0,-3.875,10.0,-14.0,3.75
2026-02-04,6723,14,7,0.5,21.5,1.5357142857142858,14.25,-10.25,7.5
2026-02-04,6752,4,0,0.0,-19.25,-4.8125,0.0,-7.25,29.75
2026-02-04,6758,11,7,0.6363636363636364,22.5,2.0454545454545454,11.0,-10.0,11.818181818181818
2026-02-04,6762,1,0,0.0,-5.5,-5.5,-5.5,-5.5,1.0
2026-02-04,6814,2,1,0.5,5.0,2.5,10.0,-5.0,1.0
2026-02-04,6857,5,2,0.4,-40.0,-8.0,30.0,-50.0,1.2
2026-02-04,6861,2,2,1.0,45.0,22.5,30.0,15.0,1.0
2026-02-04,6871,8,4,0.5,5.0,0.625,15.0,-20.0,2.375
2026-02-04,6890,7,4,0.5714285714285714,45.0,6.428571428571429,20.0,-5.0,2.0
2026-02-04,6954,3,3,1.0,49.5,16.5,19.0,14.5,2.3333333333333335
2026-02-04,6963,9,3,0.3333333333333333,-9.25,-1.0277777777777777,12.5,-8.0,5.0
2026-02-04,6993,7,5,0.7142857142857143,8.0,1.1428571428571428,7.0,-5.0,43.857142857142854
2026-02-04,7003,5,4,0.8,58.5,11.7,27.5,-5.5,3.2
2026-02-04,7011,6,3,0.5,3.5,0.5833333333333334,25.5,-32.5,2.3333333333333335
2026-02-04,7013,1,0,0.0,-6.0,-6.0,-6.0,-6.0,5.0
2026-02-04,7014,14,5,0.35714285714285715,-15.0,-1.0714285714285714,20.0,-20.0,2.142857142857143
2026-02-04,7182,4,2,0.5,9.75,2.4375,12.5,-8.25,12.5
2026-02-04,7203,1,0,0.0,-9.0,-9.0,-9.0,-9.0,3.0
2026-02-04,7280,5,3,0.6,15.0,3.0,14.0,-9.0,13.4
2026-02-04,7711,6,3,0.5,15.0,2.5,25.0,-35.0,2.0
2026-02-04,7729,17,9,0.5294117647058824,85.0,5.0,35.0,-15.0,2.823529411764706
2026-02-04,7731,1,1,1.0,10.25,10.25,10.25,10.25,15.0
2026-02-04,7746,30,9,0.3,-29.0,-0.9666666666666667,36.0,-12.5,7.566666666666666
2026-02-04,7779,3,3,1.0,18.0,6.0,11.0,3.0,42.333333333333336
2026-02-04,7911,4,2,0.5,7.5,1.875,13.5,-7.0,8.0
2026-02-04,7974,1,1,1.0,150.0,150.0,150.0,150.0,3.0
2026-02-04,8058,3,3,1.0,34.5,11.5,13.5,10.0,7.0
2026-02-04,8136,16,6,0.375,-6.5,-0.40625,12.5,-12.0,4.4375
2026-02-04,8267,11,6,0.5454545454545454,16.0,1.4545454545454546,16.75,-8.75,10.727272727272727
2026-02-04,8306,4,2,0.5,7.0,1.75,10.5,-7.0,12.25
2026-02-04,8411,1,0,0.0,-8.0,-8.0,-8.0,-8.0,1.0
2026-02-04,8766,1,1,1.0,14.5,14.5,14.5,14.5,2.0
2026-02-04,9250,12,7,0.5833333333333334,20.5,1.7083333333333333,25.0,-17.5,16.25
2026-02-04,9501,2,1,0.5,3.75,1.875,9.5,-5.75,29.0
2026-02-04,9983,10,5,0.5,50.0,5.0,60.0,-65.0,1.3
2026-02-04,9984,3,1,0.3333333333333333,-5.0,-1.6666666666666667,18.5,-13.0,1.3333333333333333
2026-02-05,157A,6,1,0.16666666666666666,-24.5,-4.083333333333333,11.0,-8.5,9.166666666666666
2026-02-05,168A,7,4,0.5714285714285714,19.0,2.7142857142857144,13.5,-12.0,36.714285714285715
2026-02-05,1801,8,3,0.375,22.5,2.8125,35.0,-20.0,1.5
2026-02-05,198A,6,3,0.5,-1.5,-0.25,4.5,-5.0,50.666666666666664
2026-02-05,202A,6,0,0.0,0.0,0.0,0.0,0.0,51.166666666666664
2026-02-05,2768,2,1,0.5,0.5,0.25,10.5,-10.0,2.0
2026-02-05,3110,1,1,1.0,335.0,335.0,335.0,335.0,1.0
2026-02-05,3436,7,5,0.7142857142857143,30.25,4.321428571428571,13.25,-7.0,8.714285714285714
2026-02-05,3647,7,4,0.5714285714285714,4.5,0.6428571428571429,10.0,-7.5,43.857142857142854
2026-02-05,3697,11,4,0.36363636363636365,1.7499999999997726,0.1590909090908884,10.950000000000045,-7.749999999999886,27.818181818181817
2026-02-05,4004,1,0,0.0,-19.0,-19.0,-19.0,-19.0,3.0
2026-02-05,4062,11,6,0.5454545454545454,-21.5,-1.9545454545454546,17.5,-43.0,1.8181818181818181
2026-02-05,4082,25,13,0.52,85.5,3.42,21.5,-17.0,2.12
2026-02-05,4098,2,0,0.0,-16.0,-8.0,-5.0,-11.0,11.0
2026-02-05,4107,15,6,0.4,-15.0,-1.0,25.0,-25.0,1.9333333333333333
2026-02-05,4237,7,3,0.42857142857142855,-2.0,-0.2857142857142857,5.0,-6.5,43.857142857142854
2026-02-05,4506,17,8,0.47058823529411764,5.25,0.3088235294117647,14.75,-13.5,6.352941176470588
2026-02-05,4507,4,1,0.25,-8.5,-2.125,14.5,-11.5,9.25
2026-02-05,4531,7,3,0.42857142857142855,1.5,0.21428571428571427,10.5,-5.5,43.857142857142854
2026-02-05,4584,7,1,0.14285714285714285,-3.5,-0.5,5.0,-5.0,40.857142857142854
2026-02-05,4593,8,2,0.25,-15.0,-1.875,1.5,-5.0,38.375
2026-02-05,5016,14,9,0.6428571428571429,71.25,5.089285714285714,19.0,-13.5,5.357142857142857
2026-02-05,5216,7,2,0.2857142857142857,5.5,0.7857142857142857,10.0,-6.0,43.714285714285715
2026-02-05,5243,7,4,0.5714285714285714,31.5,4.5,14.5,-6.5,5.571428571428571
2026-02-05,5332,15,5,0.3333333333333333,-23.0,-1.5333333333333334,17.5,-15.5,3.933333333333333
2026-02-05,5401,8,4,0.5,0.8999999999999773,0.11249999999999716,11.399999999999977,-11.450000000000045,18.625
2026-02-05,5631,6,4,0.6666666666666666,20.0,3.3333333333333335,16.0,-18.5,6.166666666666667
2026-02-05,5707,13,4,0.3076923076923077,-20.0,-1.5384615384615385,10.0,-10.0,8.923076923076923
2026-02-05,5713,7,3,0.42857142857142855,-44.5,-6.357142857142857,13.0,-36.5,1.5714285714285714
2026-02-05,5801,9,6,0.6666666666666666,85.0,9.444444444444445,47.5,-47.5,1.1111111111111112
2026-02-05,5802,10,4,0.4,29.0,2.9,38.5,-17.5,1.7
2026-02-05,5803,7,4,0.5714285714285714,-65.0,-9.285714285714286,72.5,-140.0,1.0
2026-02-05,6081,7,5,0.7142857142857143,22.5,3.2142857142857144,11.5,-7.5,33.285714285714285
2026-02-05,6146,2,1,0.5,-5.0,-2.5,20.0,-25.0,1.0
2026-02-05,6166,8,6,0.75,26.0,3.25,11.0,-8.0,22.375
2026-02-05,6269,4,2,0.5,35.0,8.75,82.5,-45.0,1.0
2026-02-05,6315,1,0,0.0,-7.0,-7.0,-7.0,-7.0,1.0
2026-02-05,6323,13,4,0.3076923076923077,-37.5,-2.8846153846153846,14.5,-22.5,4.6923076923076925
2026-02-05,6330,3,1,0.3333333333333333,-15.0,-5.0,10.0,-15.0,3.0
2026-02-05,6361,10,3,0.3,-11.0,-1.1,20.5,-10.5,4.8
2026-02-05,6367,6,4,0.6666666666666666,-127.5,-21.25,30.0,-165.0,1.5
2026-02-05,6506,2,1,0.5,6.5,3.25,11.5,-5.0,3.0
2026-02-05,6525,12,2,0.16666666666666666,-124.0,-10.333333333333334,18.0,-34.0,2.0833333333333335
2026-02-05,6701,8,5,0.625,31.0,3.875,13.5,-13.0,1.875
2026-02-05,6702,1,1,1.0,10.0,10.0,10.0,10.0,1.0
2026-02-05,6723,4,1,0.25,-17.5,-4.375,14.0,-17.75,4.5
2026-02-05,6752,3,1,0.3333333333333333,1.25,0.4166666666666667,20.0,-13.5,4.333333333333333
2026-02-05,6758,5,3,0.6,27.0,5.4,25.5,-15.0,2.4
2026-02-05,6762,14,4,0.2857142857142857,-27.0,-1.9285714285714286,17.25,-20.0,14.142857142857142
2026-02-05,6857,3,1,0.3333333333333333,-35.0,-11.666666666666666,15.0,-40.0,1.3333333333333333
2026-02-05,6861,8,4,0.5,30.0,3.75,95.0,-40.0,1.125
2026-02-05,6871,3,0,0.0,-45.0,-15.0,-10.0,-20.0,1.6666666666666667
2026-02-05,6890,16,8,0.5,25.0,1.5625,20.0,-20.0,3.0625
2026-02-05,6920,1,0,0.0,-20.0,-20.0,-20.0,-20.0,2.0
2026-02-05,6954,6,3,0.5,23.5,3.9166666666666665,23.5,-10.5,4.5
2026-02-05,6963,3,0,0.0,-59.5,-19.833333333333332,-6.5,-37.5,7.333333333333333
2026-02-05,6993,6,2,0.3333333333333333,-4.0,-0.6666666666666666,3.0,-3.0,51.166666666666664
2026-02-05,7003,2,0,0.0,-20.5,-10.25,-5.5,-15.0,1.0
2026-02-05,7011,14,5,0.35714285714285715,-33.0,-2.357142857142857,19.0,-16.0,2.857142857142857
2026-02-05,7013,5,2,0.4,3.0,0.6,16.0,-11.0,2.0
2026-02-05,7014,9,6,0.6666666666666666,50.0,5.555555555555555,15.0,-10.0,4.666666666666667
2026-02-05,7182,12,6,0.5,38.25,3.1875,18.0,-7.25,6.833333333333333
2026-02-05,7203,13,4,0.3076923076923077,-29.0,-2.230769230769231,11.0,-10.0,7.153846153846154
2026-02-05,7280,22,10,0.45454545454545453,-16.0,-0.7272727272727273,10.0,-17.5,9.454545454545455
2026-02-05,7711,18,8,0.4444444444444444,-185.0,-10.277777777777779,30.0,-170.0,1.3333333333333333
2026-02-05,7729,5,1,0.2,-47.5,-9.5,12.5,-30.0,1.8
2026-02-05,7731,4,1,0.25,-12.0,-3.0,4.25,-5.75,28.5
2026-02-05,7735,2,1,0.5,20.0,10.0,37.5,-17.5,1.5
2026-02-05,7746,17,8,0.47058823529411764,28.5,1.6764705882352942,16.5,-9.0,6.294117647058823
2026-02-05,7779,3,1,0.3333333333333333,-2.5,-0.8333333333333334,2.0,-3.5,48.666666666666664
2026-02-05,7911,3,1,0.3333333333333333,4.0,1.3333333333333333,17.5,-7.0,8.666666666666666
2026-02-05,8035,8,4,0.5,30.0,3.75,50.0,-50.0,1.25
2026-02-05,8058,15,8,0.5333333333333333,35.5,2.3666666666666667,23.5,-15.0,4.533333333333333
2026-02-05,8136,1,1,1.0,10.0,10.0,10.0,10.0,3.0
2026-02-05,8267,3,1,0.3333333333333333,1.5,0.5,13.5,-6.75,8.333333333333334
2026-02-05,8411,3,0,0.0,-23.0,-7.666666666666667,-6.0,-8.5,2.6666666666666665
2026-02-05,9250,10,4,0.4,31.5,3.15,27.0,-8.5,15.5
2026-02-05,9501,2,1,0.5,3.650000000000091,1.8250000000000455,7.350000000000136,-3.7000000000000455,31.0
2026-02-05,9983,3,3,1.0,105.0,35.0,55.0,15.0,1.0
2026-02-05,9984,10,6,0.6,51.0,5.1,39.5,-21.5,3.1
