日付,時刻,始値,高値,安値,終値,出来高,銘柄コード
2013/10/07,,,,,,0.0,5016
2013/10/08,,,,,,0.0,5016
2013/10/09,,,,,,0.0,5016
2013/10/10,,,,,,0.0,5016
2013/10/11,,,,,,0.0,5016
2013/10/15,,,,,,0.0,5016
2013/10/16,,,,,,0.0,5016
2013/10/17,,,,,,0.0,5016
2013/10/18,,,,,,0.0,5016
2013/10/21,,,,,,0.0,5016
2013/10/22,,,,,,0.0,5016
2013/10/23,,,,,,0.0,5016
2013/10/24,,,,,,0.0,5016
2013/10/25,,,,,,0.0,5016
2013/10/28,,,,,,0.0,5016
2013/10/29,,,,,,0.0,5016
2013/10/30,,,,,,0.0,5016
2013/10/31,,,,,,0.0,5016
2013/11/01,,,,,,0.0,5016
2013/11/05,,,,,,0.0,5016
2013/11/06,,,,,,0.0,5016
2013/11/07,,,,,,0.0,5016
2013/11/08,,,,,,0.0,5016
2013/11/11,,,,,,0.0,5016
2013/11/12,,,,,,0.0,5016
2013/11/13,,,,,,0.0,5016
2013/11/14,,,,,,0.0,5016
2013/11/15,,,,,,0.0,5016
2013/11/18,,,,,,0.0,5016
2013/11/19,,,,,,0.0,5016
2013/11/20,,,,,,0.0,5016
2013/11/21,,,,,,0.0,5016
2013/11/22,,,,,,0.0,5016
2013/11/25,,,,,,0.0,5016
2013/11/26,,,,,,0.0,5016
2013/11/27,,,,,,0.0,5016
2013/11/28,,,,,,0.0,5016
2013/11/29,,,,,,0.0,5016
2013/12/02,,,,,,0.0,5016
2013/12/03,,,,,,0.0,5016
2013/12/04,,,,,,0.0,5016
2013/12/05,,,,,,0.0,5016
2013/12/06,,,,,,0.0,5016
2013/12/09,,,,,,0.0,5016
2013/12/10,,,,,,0.0,5016
2013/12/11,,,,,,0.0,5016
2013/12/12,,,,,,0.0,5016
2013/12/13,,,,,,0.0,5016
2013/12/16,,,,,,0.0,5016
2013/12/17,,,,,,0.0,5016
2013/12/18,,,,,,0.0,5016
2013/12/19,,,,,,0.0,5016
2013/12/20,,,,,,0.0,5016
2013/12/24,,,,,,0.0,5016
2013/12/25,,,,,,0.0,5016
2013/12/26,,,,,,0.0,5016
2013/12/27,,,,,,0.0,5016
2013/12/30,,,,,,0.0,5016
2014/01/06,,,,,,0.0,5016
2014/01/07,,,,,,0.0,5016
2014/01/08,,,,,,0.0,5016
2014/01/09,,,,,,0.0,5016
2014/01/10,,,,,,0.0,5016
2014/01/14,,,,,,0.0,5016
2014/01/15,,,,,,0.0,5016
2014/01/16,,,,,,0.0,5016
2014/01/17,,,,,,0.0,5016
2014/01/20,,,,,,0.0,5016
2014/01/21,,,,,,0.0,5016
2014/01/22,,,,,,0.0,5016
2014/01/23,,,,,,0.0,5016
2014/01/24,,,,,,0.0,5016
2014/01/27,,,,,,0.0,5016
2014/01/28,,,,,,0.0,5016
2014/01/29,,,,,,0.0,5016
2014/01/30,,,,,,0.0,5016
2014/01/31,,,,,,0.0,5016
2014/02/03,,,,,,0.0,5016
2014/02/04,,,,,,0.0,5016
2014/02/05,,,,,,0.0,5016
2014/02/06,,,,,,0.0,5016
2014/02/07,,,,,,0.0,5016
2014/02/10,,,,,,0.0,5016
2014/02/12,,,,,,0.0,5016
2014/02/13,,,,,,0.0,5016
2014/02/14,,,,,,0.0,5016
2014/02/17,,,,,,0.0,5016
2014/02/18,,,,,,0.0,5016
2014/02/19,,,,,,0.0,5016
2014/02/20,,,,,,0.0,5016
2014/02/21,,,,,,0.0,5016
2014/02/24,,,,,,0.0,5016
2014/02/25,,,,,,0.0,5016
2014/02/26,,,,,,0.0,5016
2014/02/27,,,,,,0.0,5016
2014/02/28,,,,,,0.0,5016
2014/03/03,,,,,,0.0,5016
2014/03/04,,,,,,0.0,5016
2014/03/05,,,,,,0.0,5016
2014/03/06,,,,,,0.0,5016
2014/03/07,,,,,,0.0,5016
2014/03/10,,,,,,0.0,5016
2014/03/11,,,,,,0.0,5016
2014/03/12,,,,,,0.0,5016
2014/03/13,,,,,,0.0,5016
2014/03/14,,,,,,0.0,5016
2014/03/17,,,,,,0.0,5016
2014/03/18,,,,,,0.0,5016
2014/03/19,,,,,,0.0,5016
2014/03/20,,,,,,0.0,5016
2014/03/24,,,,,,0.0,5016
2014/03/25,,,,,,0.0,5016
2014/03/26,,,,,,0.0,5016
2014/03/27,,,,,,0.0,5016
2014/03/28,,,,,,0.0,5016
2014/03/31,,,,,,0.0,5016
2014/04/01,,,,,,0.0,5016
2014/04/02,,,,,,0.0,5016
2014/04/03,,,,,,0.0,5016
2014/04/04,,,,,,0.0,5016
2014/04/07,,,,,,0.0,5016
2014/04/08,,,,,,0.0,5016
2014/04/09,,,,,,0.0,5016
2014/04/10,,,,,,0.0,5016
2014/04/11,,,,,,0.0,5016
2014/04/14,,,,,,0.0,5016
2014/04/15,,,,,,0.0,5016
2014/04/16,,,,,,0.0,5016
2014/04/17,,,,,,0.0,5016
2014/04/18,,,,,,0.0,5016
2014/04/21,,,,,,0.0,5016
2014/04/22,,,,,,0.0,5016
2014/04/23,,,,,,0.0,5016
2014/04/24,,,,,,0.0,5016
2014/04/25,,,,,,0.0,5016
2014/04/28,,,,,,0.0,5016
2014/04/30,,,,,,0.0,5016
2014/05/01,,,,,,0.0,5016
2014/05/02,,,,,,0.0,5016
2014/05/07,,,,,,0.0,5016
2014/05/08,,,,,,0.0,5016
2014/05/09,,,,,,0.0,5016
2014/05/12,,,,,,0.0,5016
2014/05/13,,,,,,0.0,5016
2014/05/14,,,,,,0.0,5016
2014/05/15,,,,,,0.0,5016
2014/05/16,,,,,,0.0,5016
2014/05/19,,,,,,0.0,5016
2014/05/20,,,,,,0.0,5016
2014/05/21,,,,,,0.0,5016
2014/05/22,,,,,,0.0,5016
2014/05/23,,,,,,0.0,5016
2014/05/26,,,,,,0.0,5016
2014/05/27,,,,,,0.0,5016
2014/05/28,,,,,,0.0,5016
2014/05/29,,,,,,0.0,5016
2014/05/30,,,,,,0.0,5016
2014/06/02,,,,,,0.0,5016
2014/06/03,,,,,,0.0,5016
2014/06/04,,,,,,0.0,5016
2014/06/05,,,,,,0.0,5016
2014/06/06,,,,,,0.0,5016
2014/06/09,,,,,,0.0,5016
2014/06/10,,,,,,0.0,5016
2014/06/11,,,,,,0.0,5016
2014/06/12,,,,,,0.0,5016
2014/06/13,,,,,,0.0,5016
2014/06/16,,,,,,0.0,5016
2014/06/17,,,,,,0.0,5016
2014/06/18,,,,,,0.0,5016
2014/06/19,,,,,,0.0,5016
2014/06/20,,,,,,0.0,5016
2014/06/23,,,,,,0.0,5016
2014/06/24,,,,,,0.0,5016
2014/06/25,,,,,,0.0,5016
2014/06/26,,,,,,0.0,5016
2014/06/27,,,,,,0.0,5016
2014/06/30,,,,,,0.0,5016
2014/07/01,,,,,,0.0,5016
2014/07/02,,,,,,0.0,5016
2014/07/03,,,,,,0.0,5016
2014/07/04,,,,,,0.0,5016
2014/07/07,,,,,,0.0,5016
2014/07/08,,,,,,0.0,5016
2014/07/09,,,,,,0.0,5016
2014/07/10,,,,,,0.0,5016
2014/07/11,,,,,,0.0,5016
2014/07/14,,,,,,0.0,5016
2014/07/15,,,,,,0.0,5016
2014/07/16,,,,,,0.0,5016
2014/07/17,,,,,,0.0,5016
2014/07/18,,,,,,0.0,5016
2014/07/22,,,,,,0.0,5016
2014/07/23,,,,,,0.0,5016
2014/07/24,,,,,,0.0,5016
2014/07/25,,,,,,0.0,5016
2014/07/28,,,,,,0.0,5016
2014/07/29,,,,,,0.0,5016
2014/07/30,,,,,,0.0,5016
2014/07/31,,,,,,0.0,5016
2014/08/01,,,,,,0.0,5016
2014/08/04,,,,,,0.0,5016
2014/08/05,,,,,,0.0,5016
2014/08/06,,,,,,0.0,5016
2014/08/07,,,,,,0.0,5016
2014/08/08,,,,,,0.0,5016
2014/08/11,,,,,,0.0,5016
2014/08/12,,,,,,0.0,5016
2014/08/13,,,,,,0.0,5016
2014/08/14,,,,,,0.0,5016
2014/08/15,,,,,,0.0,5016
2014/08/18,,,,,,0.0,5016
2014/08/19,,,,,,0.0,5016
2014/08/20,,,,,,0.0,5016
2014/08/21,,,,,,0.0,5016
2014/08/22,,,,,,0.0,5016
2014/08/25,,,,,,0.0,5016
2014/08/26,,,,,,0.0,5016
2014/08/27,,,,,,0.0,5016
2014/08/28,,,,,,0.0,5016
2014/08/29,,,,,,0.0,5016
2014/09/01,,,,,,0.0,5016
2014/09/02,,,,,,0.0,5016
2014/09/03,,,,,,0.0,5016
2014/09/04,,,,,,0.0,5016
2014/09/05,,,,,,0.0,5016
2014/09/08,,,,,,0.0,5016
2014/09/09,,,,,,0.0,5016
2014/09/10,,,,,,0.0,5016
2014/09/11,,,,,,0.0,5016
2014/09/12,,,,,,0.0,5016
2014/09/16,,,,,,0.0,5016
2014/09/17,,,,,,0.0,5016
2014/09/18,,,,,,0.0,5016
2014/09/19,,,,,,0.0,5016
2014/09/22,,,,,,0.0,5016
2014/09/24,,,,,,0.0,5016
2014/09/25,,,,,,0.0,5016
2014/09/26,,,,,,0.0,5016
2014/09/29,,,,,,0.0,5016
2014/09/30,,,,,,0.0,5016
2014/10/01,,,,,,0.0,5016
2014/10/02,,,,,,0.0,5016
2014/10/03,,,,,,0.0,5016
2014/10/06,,,,,,0.0,5016
2014/10/07,,,,,,0.0,5016
2014/10/08,,,,,,0.0,5016
2014/10/09,,,,,,0.0,5016
2014/10/10,,,,,,0.0,5016
2014/10/14,,,,,,0.0,5016
2014/10/15,,,,,,0.0,5016
2014/10/16,,,,,,0.0,5016
2014/10/17,,,,,,0.0,5016
2014/10/20,,,,,,0.0,5016
2014/10/21,,,,,,0.0,5016
2014/10/22,,,,,,0.0,5016
2014/10/23,,,,,,0.0,5016
2014/10/24,,,,,,0.0,5016
2014/10/27,,,,,,0.0,5016
2014/10/28,,,,,,0.0,5016
2014/10/29,,,,,,0.0,5016
2014/10/30,,,,,,0.0,5016
2014/10/31,,,,,,0.0,5016
2014/11/04,,,,,,0.0,5016
2014/11/05,,,,,,0.0,5016
2014/11/06,,,,,,0.0,5016
2014/11/07,,,,,,0.0,5016
2014/11/10,,,,,,0.0,5016
2014/11/11,,,,,,0.0,5016
2014/11/12,,,,,,0.0,5016
2014/11/13,,,,,,0.0,5016
2014/11/14,,,,,,0.0,5016
2014/11/17,,,,,,0.0,5016
2014/11/18,,,,,,0.0,5016
2014/11/19,,,,,,0.0,5016
2014/11/20,,,,,,0.0,5016
2014/11/21,,,,,,0.0,5016
2014/11/25,,,,,,0.0,5016
2014/11/26,,,,,,0.0,5016
2014/11/27,,,,,,0.0,5016
2014/11/28,,,,,,0.0,5016
2014/12/01,,,,,,0.0,5016
2014/12/02,,,,,,0.0,5016
2014/12/03,,,,,,0.0,5016
2014/12/04,,,,,,0.0,5016
2014/12/05,,,,,,0.0,5016
2014/12/08,,,,,,0.0,5016
2014/12/09,,,,,,0.0,5016
2014/12/10,,,,,,0.0,5016
2014/12/11,,,,,,0.0,5016
2014/12/12,,,,,,0.0,5016
2014/12/15,,,,,,0.0,5016
2014/12/16,,,,,,0.0,5016
2014/12/17,,,,,,0.0,5016
2014/12/18,,,,,,0.0,5016
2014/12/19,,,,,,0.0,5016
2014/12/22,,,,,,0.0,5016
2014/12/24,,,,,,0.0,5016
2014/12/25,,,,,,0.0,5016
2014/12/26,,,,,,0.0,5016
2014/12/29,,,,,,0.0,5016
2014/12/30,,,,,,0.0,5016
2015/01/05,,,,,,0.0,5016
2015/01/06,,,,,,0.0,5016
2015/01/07,,,,,,0.0,5016
2015/01/08,,,,,,0.0,5016
2015/01/09,,,,,,0.0,5016
2015/01/13,,,,,,0.0,5016
2015/01/14,,,,,,0.0,5016
2015/01/15,,,,,,0.0,5016
2015/01/16,,,,,,0.0,5016
2015/01/19,,,,,,0.0,5016
2015/01/20,,,,,,0.0,5016
2015/01/21,,,,,,0.0,5016
2015/01/22,,,,,,0.0,5016
2015/01/23,,,,,,0.0,5016
2015/01/26,,,,,,0.0,5016
2015/01/27,,,,,,0.0,5016
2015/01/28,,,,,,0.0,5016
2015/01/29,,,,,,0.0,5016
2015/01/30,,,,,,0.0,5016
2015/02/02,,,,,,0.0,5016
2015/02/03,,,,,,0.0,5016
2015/02/04,,,,,,0.0,5016
2015/02/05,,,,,,0.0,5016
2015/02/06,,,,,,0.0,5016
2015/02/09,,,,,,0.0,5016
2015/02/10,,,,,,0.0,5016
2015/02/12,,,,,,0.0,5016
2015/02/13,,,,,,0.0,5016
2015/02/16,,,,,,0.0,5016
2015/02/17,,,,,,0.0,5016
2015/02/18,,,,,,0.0,5016
2015/02/19,,,,,,0.0,5016
2015/02/20,,,,,,0.0,5016
2015/02/23,,,,,,0.0,5016
2015/02/24,,,,,,0.0,5016
2015/02/25,,,,,,0.0,5016
2015/02/26,,,,,,0.0,5016
2015/02/27,,,,,,0.0,5016
2015/03/02,,,,,,0.0,5016
2015/03/03,,,,,,0.0,5016
2015/03/04,,,,,,0.0,5016
2015/03/05,,,,,,0.0,5016
2015/03/06,,,,,,0.0,5016
2015/03/09,,,,,,0.0,5016
2015/03/10,,,,,,0.0,5016
2015/03/11,,,,,,0.0,5016
2015/03/12,,,,,,0.0,5016
2015/03/13,,,,,,0.0,5016
2015/03/16,,,,,,0.0,5016
2015/03/17,,,,,,0.0,5016
2015/03/18,,,,,,0.0,5016
2015/03/19,,,,,,0.0,5016
2015/03/20,,,,,,0.0,5016
2015/03/23,,,,,,0.0,5016
2015/03/24,,,,,,0.0,5016
2015/03/25,,,,,,0.0,5016
2015/03/26,,,,,,0.0,5016
2015/03/27,,,,,,0.0,5016
2015/03/30,,,,,,0.0,5016
2015/03/31,,,,,,0.0,5016
2015/04/01,,,,,,0.0,5016
2015/04/02,,,,,,0.0,5016
2015/04/03,,,,,,0.0,5016
2015/04/06,,,,,,0.0,5016
2015/04/07,,,,,,0.0,5016
2015/04/08,,,,,,0.0,5016
2015/04/09,,,,,,0.0,5016
2015/04/10,,,,,,0.0,5016
2015/04/13,,,,,,0.0,5016
2015/04/14,,,,,,0.0,5016
2015/04/15,,,,,,0.0,5016
2015/04/16,,,,,,0.0,5016
2015/04/17,,,,,,0.0,5016
2015/04/20,,,,,,0.0,5016
2015/04/21,,,,,,0.0,5016
2015/04/22,,,,,,0.0,5016
2015/04/23,,,,,,0.0,5016
2015/04/24,,,,,,0.0,5016
2015/04/27,,,,,,0.0,5016
2015/04/28,,,,,,0.0,5016
2015/04/30,,,,,,0.0,5016
2015/05/01,,,,,,0.0,5016
2015/05/07,,,,,,0.0,5016
2015/05/08,,,,,,0.0,5016
2015/05/11,,,,,,0.0,5016
2015/05/12,,,,,,0.0,5016
2015/05/13,,,,,,0.0,5016
2015/05/14,,,,,,0.0,5016
2015/05/15,,,,,,0.0,5016
2015/05/18,,,,,,0.0,5016
2015/05/19,,,,,,0.0,5016
2015/05/20,,,,,,0.0,5016
2015/05/21,,,,,,0.0,5016
2015/05/22,,,,,,0.0,5016
2015/05/25,,,,,,0.0,5016
2015/05/26,,,,,,0.0,5016
2015/05/27,,,,,,0.0,5016
2015/05/28,,,,,,0.0,5016
2015/05/29,,,,,,0.0,5016
2015/06/01,,,,,,0.0,5016
2015/06/02,,,,,,0.0,5016
2015/06/03,,,,,,0.0,5016
2015/06/04,,,,,,0.0,5016
2015/06/05,,,,,,0.0,5016
2015/06/08,,,,,,0.0,5016
2015/06/09,,,,,,0.0,5016
2015/06/10,,,,,,0.0,5016
2015/06/11,,,,,,0.0,5016
2015/06/12,,,,,,0.0,5016
2015/06/15,,,,,,0.0,5016
2015/06/16,,,,,,0.0,5016
2015/06/17,,,,,,0.0,5016
2015/06/18,,,,,,0.0,5016
2015/06/19,,,,,,0.0,5016
2015/06/22,,,,,,0.0,5016
2015/06/23,,,,,,0.0,5016
2015/06/24,,,,,,0.0,5016
2015/06/25,,,,,,0.0,5016
2015/06/26,,,,,,0.0,5016
2015/06/29,,,,,,0.0,5016
2015/06/30,,,,,,0.0,5016
2015/07/01,,,,,,0.0,5016
2015/07/02,,,,,,0.0,5016
2015/07/03,,,,,,0.0,5016
2015/07/06,,,,,,0.0,5016
2015/07/07,,,,,,0.0,5016
2015/07/08,,,,,,0.0,5016
2015/07/09,,,,,,0.0,5016
2015/07/10,,,,,,0.0,5016
2015/07/13,,,,,,0.0,5016
2015/07/14,,,,,,0.0,5016
2015/07/15,,,,,,0.0,5016
2015/07/16,,,,,,0.0,5016
2015/07/17,,,,,,0.0,5016
2015/07/21,,,,,,0.0,5016
2015/07/22,,,,,,0.0,5016
2015/07/23,,,,,,0.0,5016
2015/07/24,,,,,,0.0,5016
2015/07/27,,,,,,0.0,5016
2015/07/28,,,,,,0.0,5016
2015/07/29,,,,,,0.0,5016
2015/07/30,,,,,,0.0,5016
2015/07/31,,,,,,0.0,5016
2015/08/03,,,,,,0.0,5016
2015/08/04,,,,,,0.0,5016
2015/08/05,,,,,,0.0,5016
2015/08/06,,,,,,0.0,5016
2015/08/07,,,,,,0.0,5016
2015/08/10,,,,,,0.0,5016
2015/08/11,,,,,,0.0,5016
2015/08/12,,,,,,0.0,5016
2015/08/13,,,,,,0.0,5016
2015/08/14,,,,,,0.0,5016
2015/08/17,,,,,,0.0,5016
2015/08/18,,,,,,0.0,5016
2015/08/19,,,,,,0.0,5016
2015/08/20,,,,,,0.0,5016
2015/08/21,,,,,,0.0,5016
2015/08/24,,,,,,0.0,5016
2015/08/25,,,,,,0.0,5016
2015/08/26,,,,,,0.0,5016
2015/08/27,,,,,,0.0,5016
2015/08/28,,,,,,0.0,5016
2015/08/31,,,,,,0.0,5016
2015/09/01,,,,,,0.0,5016
2015/09/02,,,,,,0.0,5016
2015/09/03,,,,,,0.0,5016
2015/09/04,,,,,,0.0,5016
2015/09/07,,,,,,0.0,5016
2015/09/08,,,,,,0.0,5016
2015/09/09,,,,,,0.0,5016
2015/09/10,,,,,,0.0,5016
2015/09/11,,,,,,0.0,5016
2015/09/14,,,,,,0.0,5016
2015/09/15,,,,,,0.0,5016
2015/09/16,,,,,,0.0,5016
2015/09/17,,,,,,0.0,5016
2015/09/18,,,,,,0.0,5016
2015/09/24,,,,,,0.0,5016
2015/09/25,,,,,,0.0,5016
2015/09/28,,,,,,0.0,5016
2015/09/29,,,,,,0.0,5016
2015/09/30,,,,,,0.0,5016
2015/10/01,,,,,,0.0,5016
2015/10/02,,,,,,0.0,5016
2015/10/05,,,,,,0.0,5016
2015/10/06,,,,,,0.0,5016
2015/10/07,,,,,,0.0,5016
2015/10/08,,,,,,0.0,5016
2015/10/09,,,,,,0.0,5016
2015/10/13,,,,,,0.0,5016
2015/10/14,,,,,,0.0,5016
2015/10/15,,,,,,0.0,5016
2015/10/16,,,,,,0.0,5016
2015/10/19,,,,,,0.0,5016
2015/10/20,,,,,,0.0,5016
2015/10/21,,,,,,0.0,5016
2015/10/22,,,,,,0.0,5016
2015/10/23,,,,,,0.0,5016
2015/10/26,,,,,,0.0,5016
2015/10/27,,,,,,0.0,5016
2015/10/28,,,,,,0.0,5016
2015/10/29,,,,,,0.0,5016
2015/10/30,,,,,,0.0,5016
2015/11/02,,,,,,0.0,5016
2015/11/04,,,,,,0.0,5016
2015/11/05,,,,,,0.0,5016
2015/11/06,,,,,,0.0,5016
2015/11/09,,,,,,0.0,5016
2015/11/10,,,,,,0.0,5016
2015/11/11,,,,,,0.0,5016
2015/11/12,,,,,,0.0,5016
2015/11/13,,,,,,0.0,5016
2015/11/16,,,,,,0.0,5016
2015/11/17,,,,,,0.0,5016
2015/11/18,,,,,,0.0,5016
2015/11/19,,,,,,0.0,5016
2015/11/20,,,,,,0.0,5016
2015/11/24,,,,,,0.0,5016
2015/11/25,,,,,,0.0,5016
2015/11/26,,,,,,0.0,5016
2015/11/27,,,,,,0.0,5016
2015/11/30,,,,,,0.0,5016
2015/12/01,,,,,,0.0,5016
2015/12/02,,,,,,0.0,5016
2015/12/03,,,,,,0.0,5016
2015/12/04,,,,,,0.0,5016
2015/12/07,,,,,,0.0,5016
2015/12/08,,,,,,0.0,5016
2015/12/09,,,,,,0.0,5016
2015/12/10,,,,,,0.0,5016
2015/12/11,,,,,,0.0,5016
2015/12/14,,,,,,0.0,5016
2015/12/15,,,,,,0.0,5016
2015/12/16,,,,,,0.0,5016
2015/12/17,,,,,,0.0,5016
2015/12/18,,,,,,0.0,5016
2015/12/21,,,,,,0.0,5016
2015/12/22,,,,,,0.0,5016
2015/12/24,,,,,,0.0,5016
2015/12/25,,,,,,0.0,5016
2015/12/28,,,,,,0.0,5016
2015/12/29,,,,,,0.0,5016
2015/12/30,,,,,,0.0,5016
2016/01/04,,,,,,0.0,5016
2016/01/05,,,,,,0.0,5016
2016/01/06,,,,,,0.0,5016
2016/01/07,,,,,,0.0,5016
2016/01/08,,,,,,0.0,5016
2016/01/12,,,,,,0.0,5016
2016/01/13,,,,,,0.0,5016
2016/01/14,,,,,,0.0,5016
2016/01/15,,,,,,0.0,5016
2016/01/18,,,,,,0.0,5016
2016/01/19,,,,,,0.0,5016
2016/01/20,,,,,,0.0,5016
2016/01/21,,,,,,0.0,5016
2016/01/22,,,,,,0.0,5016
2016/01/25,,,,,,0.0,5016
2016/01/26,,,,,,0.0,5016
2016/01/27,,,,,,0.0,5016
2016/01/28,,,,,,0.0,5016
2016/01/29,,,,,,0.0,5016
2016/02/01,,,,,,0.0,5016
2016/02/02,,,,,,0.0,5016
2016/02/03,,,,,,0.0,5016
2016/02/04,,,,,,0.0,5016
2016/02/05,,,,,,0.0,5016
2016/02/08,,,,,,0.0,5016
2016/02/09,,,,,,0.0,5016
2016/02/10,,,,,,0.0,5016
2016/02/12,,,,,,0.0,5016
2016/02/15,,,,,,0.0,5016
2016/02/16,,,,,,0.0,5016
2016/02/17,,,,,,0.0,5016
2016/02/18,,,,,,0.0,5016
2016/02/19,,,,,,0.0,5016
2016/02/22,,,,,,0.0,5016
2016/02/23,,,,,,0.0,5016
2016/02/24,,,,,,0.0,5016
2016/02/25,,,,,,0.0,5016
2016/02/26,,,,,,0.0,5016
2016/02/29,,,,,,0.0,5016
2016/03/01,,,,,,0.0,5016
2016/03/02,,,,,,0.0,5016
2016/03/03,,,,,,0.0,5016
2016/03/04,,,,,,0.0,5016
2016/03/07,,,,,,0.0,5016
2016/03/08,,,,,,0.0,5016
2016/03/09,,,,,,0.0,5016
2016/03/10,,,,,,0.0,5016
2016/03/11,,,,,,0.0,5016
2016/03/14,,,,,,0.0,5016
2016/03/15,,,,,,0.0,5016
2016/03/16,,,,,,0.0,5016
2016/03/17,,,,,,0.0,5016
2016/03/18,,,,,,0.0,5016
2016/03/22,,,,,,0.0,5016
2016/03/23,,,,,,0.0,5016
2016/03/24,,,,,,0.0,5016
2016/03/25,,,,,,0.0,5016
2016/03/28,,,,,,0.0,5016
2016/03/29,,,,,,0.0,5016
2016/03/30,,,,,,0.0,5016
2016/03/31,,,,,,0.0,5016
2016/04/01,,,,,,0.0,5016
2016/04/04,,,,,,0.0,5016
2016/04/05,,,,,,0.0,5016
2016/04/06,,,,,,0.0,5016
2016/04/07,,,,,,0.0,5016
2016/04/08,,,,,,0.0,5016
2016/04/11,,,,,,0.0,5016
2016/04/12,,,,,,0.0,5016
2016/04/13,,,,,,0.0,5016
2016/04/14,,,,,,0.0,5016
2016/04/15,,,,,,0.0,5016
2016/04/18,,,,,,0.0,5016
2016/04/19,,,,,,0.0,5016
2016/04/20,,,,,,0.0,5016
2016/04/21,,,,,,0.0,5016
2016/04/22,,,,,,0.0,5016
2016/04/25,,,,,,0.0,5016
2016/04/26,,,,,,0.0,5016
2016/04/27,,,,,,0.0,5016
2016/04/28,,,,,,0.0,5016
2016/05/02,,,,,,0.0,5016
2016/05/06,,,,,,0.0,5016
2016/05/09,,,,,,0.0,5016
2016/05/10,,,,,,0.0,5016
2016/05/11,,,,,,0.0,5016
2016/05/12,,,,,,0.0,5016
2016/05/13,,,,,,0.0,5016
2016/05/16,,,,,,0.0,5016
2016/05/17,,,,,,0.0,5016
2016/05/18,,,,,,0.0,5016
2016/05/19,,,,,,0.0,5016
2016/05/20,,,,,,0.0,5016
2016/05/23,,,,,,0.0,5016
2016/05/24,,,,,,0.0,5016
2016/05/25,,,,,,0.0,5016
2016/05/26,,,,,,0.0,5016
2016/05/27,,,,,,0.0,5016
2016/05/30,,,,,,0.0,5016
2016/05/31,,,,,,0.0,5016
2016/06/01,,,,,,0.0,5016
2016/06/02,,,,,,0.0,5016
2016/06/03,,,,,,0.0,5016
2016/06/06,,,,,,0.0,5016
2016/06/07,,,,,,0.0,5016
2016/06/08,,,,,,0.0,5016
2016/06/09,,,,,,0.0,5016
2016/06/10,,,,,,0.0,5016
2016/06/13,,,,,,0.0,5016
2016/06/14,,,,,,0.0,5016
2016/06/15,,,,,,0.0,5016
2016/06/16,,,,,,0.0,5016
2016/06/17,,,,,,0.0,5016
2016/06/20,,,,,,0.0,5016
2016/06/21,,,,,,0.0,5016
2016/06/22,,,,,,0.0,5016
2016/06/23,,,,,,0.0,5016
2016/06/24,,,,,,0.0,5016
2016/06/27,,,,,,0.0,5016
2016/06/28,,,,,,0.0,5016
2016/06/29,,,,,,0.0,5016
2016/06/30,,,,,,0.0,5016
2016/07/01,,,,,,0.0,5016
2016/07/04,,,,,,0.0,5016
2016/07/05,,,,,,0.0,5016
2016/07/06,,,,,,0.0,5016
2016/07/07,,,,,,0.0,5016
2016/07/08,,,,,,0.0,5016
2016/07/11,,,,,,0.0,5016
2016/07/12,,,,,,0.0,5016
2016/07/13,,,,,,0.0,5016
2016/07/14,,,,,,0.0,5016
2016/07/15,,,,,,0.0,5016
2016/07/19,,,,,,0.0,5016
2016/07/20,,,,,,0.0,5016
2016/07/21,,,,,,0.0,5016
2016/07/22,,,,,,0.0,5016
2016/07/25,,,,,,0.0,5016
2016/07/26,,,,,,0.0,5016
2016/07/27,,,,,,0.0,5016
2016/07/28,,,,,,0.0,5016
2016/07/29,,,,,,0.0,5016
2016/08/01,,,,,,0.0,5016
2016/08/02,,,,,,0.0,5016
2016/08/03,,,,,,0.0,5016
2016/08/04,,,,,,0.0,5016
2016/08/05,,,,,,0.0,5016
2016/08/08,,,,,,0.0,5016
2016/08/09,,,,,,0.0,5016
2016/08/10,,,,,,0.0,5016
2016/08/12,,,,,,0.0,5016
2016/08/15,,,,,,0.0,5016
2016/08/16,,,,,,0.0,5016
2016/08/17,,,,,,0.0,5016
2016/08/18,,,,,,0.0,5016
2016/08/19,,,,,,0.0,5016
2016/08/22,,,,,,0.0,5016
2016/08/23,,,,,,0.0,5016
2016/08/24,,,,,,0.0,5016
2016/08/25,,,,,,0.0,5016
2016/08/26,,,,,,0.0,5016
2016/08/29,,,,,,0.0,5016
2016/08/30,,,,,,0.0,5016
2016/08/31,,,,,,0.0,5016
2016/09/01,,,,,,0.0,5016
2016/09/02,,,,,,0.0,5016
2016/09/05,,,,,,0.0,5016
2016/09/06,,,,,,0.0,5016
2016/09/07,,,,,,0.0,5016
2016/09/08,,,,,,0.0,5016
2016/09/09,,,,,,0.0,5016
2016/09/12,,,,,,0.0,5016
2016/09/13,,,,,,0.0,5016
2016/09/14,,,,,,0.0,5016
2016/09/15,,,,,,0.0,5016
2016/09/16,,,,,,0.0,5016
2016/09/20,,,,,,0.0,5016
2016/09/21,,,,,,0.0,5016
2016/09/23,,,,,,0.0,5016
2016/09/26,,,,,,0.0,5016
2016/09/27,,,,,,0.0,5016
2016/09/28,,,,,,0.0,5016
2016/09/29,,,,,,0.0,5016
2016/09/30,,,,,,0.0,5016
2016/10/03,,,,,,0.0,5016
2016/10/04,,,,,,0.0,5016
2016/10/05,,,,,,0.0,5016
2016/10/06,,,,,,0.0,5016
2016/10/07,,,,,,0.0,5016
2016/10/11,,,,,,0.0,5016
2016/10/12,,,,,,0.0,5016
2016/10/13,,,,,,0.0,5016
2016/10/14,,,,,,0.0,5016
2016/10/17,,,,,,0.0,5016
2016/10/18,,,,,,0.0,5016
2016/10/19,,,,,,0.0,5016
2016/10/20,,,,,,0.0,5016
2016/10/21,,,,,,0.0,5016
2016/10/24,,,,,,0.0,5016
2016/10/25,,,,,,0.0,5016
2016/10/26,,,,,,0.0,5016
2016/10/27,,,,,,0.0,5016
2016/10/28,,,,,,0.0,5016
2016/10/31,,,,,,0.0,5016
2016/11/01,,,,,,0.0,5016
2016/11/02,,,,,,0.0,5016
2016/11/04,,,,,,0.0,5016
2016/11/07,,,,,,0.0,5016
2016/11/08,,,,,,0.0,5016
2016/11/09,,,,,,0.0,5016
2016/11/10,,,,,,0.0,5016
2016/11/11,,,,,,0.0,5016
2016/11/14,,,,,,0.0,5016
2016/11/15,,,,,,0.0,5016
2016/11/16,,,,,,0.0,5016
2016/11/17,,,,,,0.0,5016
2016/11/18,,,,,,0.0,5016
2016/11/21,,,,,,0.0,5016
2016/11/22,,,,,,0.0,5016
2016/11/24,,,,,,0.0,5016
2016/11/25,,,,,,0.0,5016
2016/11/28,,,,,,0.0,5016
2016/11/29,,,,,,0.0,5016
2016/11/30,,,,,,0.0,5016
2016/12/01,,,,,,0.0,5016
2016/12/02,,,,,,0.0,5016
2016/12/05,,,,,,0.0,5016
2016/12/06,,,,,,0.0,5016
2016/12/07,,,,,,0.0,5016
2016/12/08,,,,,,0.0,5016
2016/12/09,,,,,,0.0,5016
2016/12/12,,,,,,0.0,5016
2016/12/13,,,,,,0.0,5016
2016/12/14,,,,,,0.0,5016
2016/12/15,,,,,,0.0,5016
2016/12/16,,,,,,0.0,5016
2016/12/19,,,,,,0.0,5016
2016/12/20,,,,,,0.0,5016
2016/12/21,,,,,,0.0,5016
2016/12/22,,,,,,0.0,5016
2016/12/26,,,,,,0.0,5016
2016/12/27,,,,,,0.0,5016
2016/12/28,,,,,,0.0,5016
2016/12/29,,,,,,0.0,5016
2016/12/30,,,,,,0.0,5016
2017/01/04,,,,,,0.0,5016
2017/01/05,,,,,,0.0,5016
2017/01/06,,,,,,0.0,5016
2017/01/10,,,,,,0.0,5016
2017/01/11,,,,,,0.0,5016
2017/01/12,,,,,,0.0,5016
2017/01/13,,,,,,0.0,5016
2017/01/16,,,,,,0.0,5016
2017/01/17,,,,,,0.0,5016
2017/01/18,,,,,,0.0,5016
2017/01/19,,,,,,0.0,5016
2017/01/20,,,,,,0.0,5016
2017/01/23,,,,,,0.0,5016
2017/01/24,,,,,,0.0,5016
2017/01/25,,,,,,0.0,5016
2017/01/26,,,,,,0.0,5016
2017/01/27,,,,,,0.0,5016
2017/01/30,,,,,,0.0,5016
2017/01/31,,,,,,0.0,5016
2017/02/01,,,,,,0.0,5016
2017/02/02,,,,,,0.0,5016
2017/02/03,,,,,,0.0,5016
2017/02/06,,,,,,0.0,5016
2017/02/07,,,,,,0.0,5016
2017/02/08,,,,,,0.0,5016
2017/02/09,,,,,,0.0,5016
2017/02/10,,,,,,0.0,5016
2017/02/13,,,,,,0.0,5016
2017/02/14,,,,,,0.0,5016
2017/02/15,,,,,,0.0,5016
2017/02/16,,,,,,0.0,5016
2017/02/17,,,,,,0.0,5016
2017/02/20,,,,,,0.0,5016
2017/02/21,,,,,,0.0,5016
2017/02/22,,,,,,0.0,5016
2017/02/23,,,,,,0.0,5016
2017/02/24,,,,,,0.0,5016
2017/02/27,,,,,,0.0,5016
2017/02/28,,,,,,0.0,5016
2017/03/01,,,,,,0.0,5016
2017/03/02,,,,,,0.0,5016
2017/03/03,,,,,,0.0,5016
2017/03/06,,,,,,0.0,5016
2017/03/07,,,,,,0.0,5016
2017/03/08,,,,,,0.0,5016
2017/03/09,,,,,,0.0,5016
2017/03/10,,,,,,0.0,5016
2017/03/13,,,,,,0.0,5016
2017/03/14,,,,,,0.0,5016
2017/03/15,,,,,,0.0,5016
2017/03/16,,,,,,0.0,5016
2017/03/17,,,,,,0.0,5016
2017/03/21,,,,,,0.0,5016
2017/03/22,,,,,,0.0,5016
2017/03/23,,,,,,0.0,5016
2017/03/24,,,,,,0.0,5016
2017/03/27,,,,,,0.0,5016
2017/03/28,,,,,,0.0,5016
2017/03/29,,,,,,0.0,5016
2017/03/30,,,,,,0.0,5016
2017/03/31,,,,,,0.0,5016
2017/04/03,,,,,,0.0,5016
2017/04/04,,,,,,0.0,5016
2017/04/05,,,,,,0.0,5016
2017/04/06,,,,,,0.0,5016
2017/04/07,,,,,,0.0,5016
2017/04/10,,,,,,0.0,5016
2017/04/11,,,,,,0.0,5016
2017/04/12,,,,,,0.0,5016
2017/04/13,,,,,,0.0,5016
2017/04/14,,,,,,0.0,5016
2017/04/17,,,,,,0.0,5016
2017/04/18,,,,,,0.0,5016
2017/04/19,,,,,,0.0,5016
2017/04/20,,,,,,0.0,5016
2017/04/21,,,,,,0.0,5016
2017/04/24,,,,,,0.0,5016
2017/04/25,,,,,,0.0,5016
2017/04/26,,,,,,0.0,5016
2017/04/27,,,,,,0.0,5016
2017/04/28,,,,,,0.0,5016
2017/05/01,,,,,,0.0,5016
2017/05/02,,,,,,0.0,5016
2017/05/08,,,,,,0.0,5016
2017/05/09,,,,,,0.0,5016
2017/05/10,,,,,,0.0,5016
2017/05/11,,,,,,0.0,5016
2017/05/12,,,,,,0.0,5016
2017/05/15,,,,,,0.0,5016
2017/05/16,,,,,,0.0,5016
2017/05/17,,,,,,0.0,5016
2017/05/18,,,,,,0.0,5016
2017/05/19,,,,,,0.0,5016
2017/05/22,,,,,,0.0,5016
2017/05/23,,,,,,0.0,5016
2017/05/24,,,,,,0.0,5016
2017/05/25,,,,,,0.0,5016
2017/05/26,,,,,,0.0,5016
2017/05/29,,,,,,0.0,5016
2017/05/30,,,,,,0.0,5016
2017/05/31,,,,,,0.0,5016
2017/06/01,,,,,,0.0,5016
2017/06/02,,,,,,0.0,5016
2017/06/05,,,,,,0.0,5016
2017/06/06,,,,,,0.0,5016
2017/06/07,,,,,,0.0,5016
2017/06/08,,,,,,0.0,5016
2017/06/09,,,,,,0.0,5016
2017/06/12,,,,,,0.0,5016
2017/06/13,,,,,,0.0,5016
2017/06/14,,,,,,0.0,5016
2017/06/15,,,,,,0.0,5016
2017/06/16,,,,,,0.0,5016
2017/06/19,,,,,,0.0,5016
2017/06/20,,,,,,0.0,5016
2017/06/21,,,,,,0.0,5016
2017/06/22,,,,,,0.0,5016
2017/06/23,,,,,,0.0,5016
2017/06/26,,,,,,0.0,5016
2017/06/27,,,,,,0.0,5016
2017/06/28,,,,,,0.0,5016
2017/06/29,,,,,,0.0,5016
2017/06/30,,,,,,0.0,5016
2017/07/03,,,,,,0.0,5016
2017/07/04,,,,,,0.0,5016
2017/07/05,,,,,,0.0,5016
2017/07/06,,,,,,0.0,5016
2017/07/07,,,,,,0.0,5016
2017/07/10,,,,,,0.0,5016
2017/07/11,,,,,,0.0,5016
2017/07/12,,,,,,0.0,5016
2017/07/13,,,,,,0.0,5016
2017/07/14,,,,,,0.0,5016
2017/07/18,,,,,,0.0,5016
2017/07/19,,,,,,0.0,5016
2017/07/20,,,,,,0.0,5016
2017/07/21,,,,,,0.0,5016
2017/07/24,,,,,,0.0,5016
2017/07/25,,,,,,0.0,5016
2017/07/26,,,,,,0.0,5016
2017/07/27,,,,,,0.0,5016
2017/07/28,,,,,,0.0,5016
2017/07/31,,,,,,0.0,5016
2017/08/01,,,,,,0.0,5016
2017/08/02,,,,,,0.0,5016
2017/08/03,,,,,,0.0,5016
2017/08/04,,,,,,0.0,5016
2017/08/07,,,,,,0.0,5016
2017/08/08,,,,,,0.0,5016
2017/08/09,,,,,,0.0,5016
2017/08/10,,,,,,0.0,5016
2017/08/14,,,,,,0.0,5016
2017/08/15,,,,,,0.0,5016
2017/08/16,,,,,,0.0,5016
2017/08/17,,,,,,0.0,5016
2017/08/18,,,,,,0.0,5016
2017/08/21,,,,,,0.0,5016
2017/08/22,,,,,,0.0,5016
2017/08/23,,,,,,0.0,5016
2017/08/24,,,,,,0.0,5016
2017/08/25,,,,,,0.0,5016
2017/08/28,,,,,,0.0,5016
2017/08/29,,,,,,0.0,5016
2017/08/30,,,,,,0.0,5016
2017/08/31,,,,,,0.0,5016
2017/09/01,,,,,,0.0,5016
2017/09/04,,,,,,0.0,5016
2017/09/05,,,,,,0.0,5016
2017/09/06,,,,,,0.0,5016
2017/09/07,,,,,,0.0,5016
2017/09/08,,,,,,0.0,5016
2017/09/11,,,,,,0.0,5016
2017/09/12,,,,,,0.0,5016
2017/09/13,,,,,,0.0,5016
2017/09/14,,,,,,0.0,5016
2017/09/15,,,,,,0.0,5016
2017/09/19,,,,,,0.0,5016
2017/09/20,,,,,,0.0,5016
2017/09/21,,,,,,0.0,5016
2017/09/22,,,,,,0.0,5016
2017/09/25,,,,,,0.0,5016
2017/09/26,,,,,,0.0,5016
2017/09/27,,,,,,0.0,5016
2017/09/28,,,,,,0.0,5016
2017/09/29,,,,,,0.0,5016
2017/10/02,,,,,,0.0,5016
2017/10/03,,,,,,0.0,5016
2017/10/04,,,,,,0.0,5016
2017/10/05,,,,,,0.0,5016
2017/10/06,,,,,,0.0,5016
2017/10/10,,,,,,0.0,5016
2017/10/11,,,,,,0.0,5016
2017/10/12,,,,,,0.0,5016
2017/10/13,,,,,,0.0,5016
2017/10/16,,,,,,0.0,5016
2017/10/17,,,,,,0.0,5016
2017/10/18,,,,,,0.0,5016
2017/10/19,,,,,,0.0,5016
2017/10/20,,,,,,0.0,5016
2017/10/23,,,,,,0.0,5016
2017/10/24,,,,,,0.0,5016
2017/10/25,,,,,,0.0,5016
2017/10/26,,,,,,0.0,5016
2017/10/27,,,,,,0.0,5016
2017/10/30,,,,,,0.0,5016
2017/10/31,,,,,,0.0,5016
2017/11/01,,,,,,0.0,5016
2017/11/02,,,,,,0.0,5016
2017/11/06,,,,,,0.0,5016
2017/11/07,,,,,,0.0,5016
2017/11/08,,,,,,0.0,5016
2017/11/09,,,,,,0.0,5016
2017/11/10,,,,,,0.0,5016
2017/11/13,,,,,,0.0,5016
2017/11/14,,,,,,0.0,5016
2017/11/15,,,,,,0.0,5016
2017/11/16,,,,,,0.0,5016
2017/11/17,,,,,,0.0,5016
2017/11/20,,,,,,0.0,5016
2017/11/21,,,,,,0.0,5016
2017/11/22,,,,,,0.0,5016
2017/11/24,,,,,,0.0,5016
2017/11/27,,,,,,0.0,5016
2017/11/28,,,,,,0.0,5016
2017/11/29,,,,,,0.0,5016
2017/11/30,,,,,,0.0,5016
2017/12/01,,,,,,0.0,5016
2017/12/04,,,,,,0.0,5016
2017/12/05,,,,,,0.0,5016
2017/12/06,,,,,,0.0,5016
2017/12/07,,,,,,0.0,5016
2017/12/08,,,,,,0.0,5016
2017/12/11,,,,,,0.0,5016
2017/12/12,,,,,,0.0,5016
2017/12/13,,,,,,0.0,5016
2017/12/14,,,,,,0.0,5016
2017/12/15,,,,,,0.0,5016
2017/12/18,,,,,,0.0,5016
2017/12/19,,,,,,0.0,5016
2017/12/20,,,,,,0.0,5016
2017/12/21,,,,,,0.0,5016
2017/12/22,,,,,,0.0,5016
2017/12/25,,,,,,0.0,5016
2017/12/26,,,,,,0.0,5016
2017/12/27,,,,,,0.0,5016
2017/12/28,,,,,,0.0,5016
2017/12/29,,,,,,0.0,5016
2018/01/04,,,,,,0.0,5016
2018/01/05,,,,,,0.0,5016
2018/01/09,,,,,,0.0,5016
2018/01/10,,,,,,0.0,5016
2018/01/11,,,,,,0.0,5016
2018/01/12,,,,,,0.0,5016
2018/01/15,,,,,,0.0,5016
2018/01/16,,,,,,0.0,5016
2018/01/17,,,,,,0.0,5016
2018/01/18,,,,,,0.0,5016
2018/01/19,,,,,,0.0,5016
2018/01/22,,,,,,0.0,5016
2018/01/23,,,,,,0.0,5016
2018/01/24,,,,,,0.0,5016
2018/01/25,,,,,,0.0,5016
2018/01/26,,,,,,0.0,5016
2018/01/29,,,,,,0.0,5016
2018/01/30,,,,,,0.0,5016
2018/01/31,,,,,,0.0,5016
2018/02/01,,,,,,0.0,5016
2018/02/02,,,,,,0.0,5016
2018/02/05,,,,,,0.0,5016
2018/02/06,,,,,,0.0,5016
2018/02/07,,,,,,0.0,5016
2018/02/08,,,,,,0.0,5016
2018/02/09,,,,,,0.0,5016
2018/02/13,,,,,,0.0,5016
2018/02/14,,,,,,0.0,5016
2018/02/15,,,,,,0.0,5016
2018/02/16,,,,,,0.0,5016
2018/02/19,,,,,,0.0,5016
2018/02/20,,,,,,0.0,5016
2018/02/21,,,,,,0.0,5016
2018/02/22,,,,,,0.0,5016
2018/02/23,,,,,,0.0,5016
2018/02/26,,,,,,0.0,5016
2018/02/27,,,,,,0.0,5016
2018/02/28,,,,,,0.0,5016
2018/03/01,,,,,,0.0,5016
2018/03/02,,,,,,0.0,5016
2018/03/05,,,,,,0.0,5016
2018/03/06,,,,,,0.0,5016
2018/03/07,,,,,,0.0,5016
2018/03/08,,,,,,0.0,5016
2018/03/09,,,,,,0.0,5016
2018/03/12,,,,,,0.0,5016
2018/03/13,,,,,,0.0,5016
2018/03/14,,,,,,0.0,5016
2018/03/15,,,,,,0.0,5016
2018/03/16,,,,,,0.0,5016
2018/03/19,,,,,,0.0,5016
2018/03/20,,,,,,0.0,5016
2018/03/22,,,,,,0.0,5016
2018/03/23,,,,,,0.0,5016
2018/03/26,,,,,,0.0,5016
2018/03/27,,,,,,0.0,5016
2018/03/28,,,,,,0.0,5016
2018/03/29,,,,,,0.0,5016
2018/03/30,,,,,,0.0,5016
2018/04/02,,,,,,0.0,5016
2018/04/03,,,,,,0.0,5016
2018/04/04,,,,,,0.0,5016
2018/04/05,,,,,,0.0,5016
2018/04/06,,,,,,0.0,5016
2018/04/09,,,,,,0.0,5016
2018/04/10,,,,,,0.0,5016
2018/04/11,,,,,,0.0,5016
2018/04/12,,,,,,0.0,5016
2018/04/13,,,,,,0.0,5016
2018/04/16,,,,,,0.0,5016
2018/04/17,,,,,,0.0,5016
2018/04/18,,,,,,0.0,5016
2018/04/19,,,,,,0.0,5016
2018/04/20,,,,,,0.0,5016
2018/04/23,,,,,,0.0,5016
2018/04/24,,,,,,0.0,5016
2018/04/25,,,,,,0.0,5016
2018/04/26,,,,,,0.0,5016
2018/04/27,,,,,,0.0,5016
2018/05/01,,,,,,0.0,5016
2018/05/02,,,,,,0.0,5016
2018/05/07,,,,,,0.0,5016
2018/05/08,,,,,,0.0,5016
2018/05/09,,,,,,0.0,5016
2018/05/10,,,,,,0.0,5016
2018/05/11,,,,,,0.0,5016
2018/05/14,,,,,,0.0,5016
2018/05/15,,,,,,0.0,5016
2018/05/16,,,,,,0.0,5016
2018/05/17,,,,,,0.0,5016
2018/05/18,,,,,,0.0,5016
2018/05/21,,,,,,0.0,5016
2018/05/22,,,,,,0.0,5016
2018/05/23,,,,,,0.0,5016
2018/05/24,,,,,,0.0,5016
2018/05/25,,,,,,0.0,5016
2018/05/28,,,,,,0.0,5016
2018/05/29,,,,,,0.0,5016
2018/05/30,,,,,,0.0,5016
2018/05/31,,,,,,0.0,5016
2018/06/01,,,,,,0.0,5016
2018/06/04,,,,,,0.0,5016
2018/06/05,,,,,,0.0,5016
2018/06/06,,,,,,0.0,5016
2018/06/07,,,,,,0.0,5016
2018/06/08,,,,,,0.0,5016
2018/06/11,,,,,,0.0,5016
2018/06/12,,,,,,0.0,5016
2018/06/13,,,,,,0.0,5016
2018/06/14,,,,,,0.0,5016
2018/06/15,,,,,,0.0,5016
2018/06/18,,,,,,0.0,5016
2018/06/19,,,,,,0.0,5016
2018/06/20,,,,,,0.0,5016
2018/06/21,,,,,,0.0,5016
2018/06/22,,,,,,0.0,5016
2018/06/25,,,,,,0.0,5016
2018/06/26,,,,,,0.0,5016
2018/06/27,,,,,,0.0,5016
2018/06/28,,,,,,0.0,5016
2018/06/29,,,,,,0.0,5016
2018/07/02,,,,,,0.0,5016
2018/07/03,,,,,,0.0,5016
2018/07/04,,,,,,0.0,5016
2018/07/05,,,,,,0.0,5016
2018/07/06,,,,,,0.0,5016
2018/07/09,,,,,,0.0,5016
2018/07/10,,,,,,0.0,5016
2018/07/11,,,,,,0.0,5016
2018/07/12,,,,,,0.0,5016
2018/07/13,,,,,,0.0,5016
2018/07/17,,,,,,0.0,5016
2018/07/18,,,,,,0.0,5016
2018/07/19,,,,,,0.0,5016
2018/07/20,,,,,,0.0,5016
2018/07/23,,,,,,0.0,5016
2018/07/24,,,,,,0.0,5016
2018/07/25,,,,,,0.0,5016
2018/07/26,,,,,,0.0,5016
2018/07/27,,,,,,0.0,5016
2018/07/30,,,,,,0.0,5016
2018/07/31,,,,,,0.0,5016
2018/08/01,,,,,,0.0,5016
2018/08/02,,,,,,0.0,5016
2018/08/03,,,,,,0.0,5016
2018/08/06,,,,,,0.0,5016
2018/08/07,,,,,,0.0,5016
2018/08/08,,,,,,0.0,5016
2018/08/09,,,,,,0.0,5016
2018/08/10,,,,,,0.0,5016
2018/08/13,,,,,,0.0,5016
2018/08/14,,,,,,0.0,5016
2018/08/15,,,,,,0.0,5016
2018/08/16,,,,,,0.0,5016
2018/08/17,,,,,,0.0,5016
2018/08/20,,,,,,0.0,5016
2018/08/21,,,,,,0.0,5016
2018/08/22,,,,,,0.0,5016
2018/08/23,,,,,,0.0,5016
2018/08/24,,,,,,0.0,5016
2018/08/27,,,,,,0.0,5016
2018/08/28,,,,,,0.0,5016
2018/08/29,,,,,,0.0,5016
2018/08/30,,,,,,0.0,5016
2018/08/31,,,,,,0.0,5016
2018/09/03,,,,,,0.0,5016
2018/09/04,,,,,,0.0,5016
2018/09/05,,,,,,0.0,5016
2018/09/06,,,,,,0.0,5016
2018/09/07,,,,,,0.0,5016
2018/09/10,,,,,,0.0,5016
2018/09/11,,,,,,0.0,5016
2018/09/12,,,,,,0.0,5016
2018/09/13,,,,,,0.0,5016
2018/09/14,,,,,,0.0,5016
2018/09/18,,,,,,0.0,5016
2018/09/19,,,,,,0.0,5016
2018/09/20,,,,,,0.0,5016
2018/09/21,,,,,,0.0,5016
2018/09/25,,,,,,0.0,5016
2018/09/26,,,,,,0.0,5016
2018/09/27,,,,,,0.0,5016
2018/09/28,,,,,,0.0,5016
2018/10/01,,,,,,0.0,5016
2018/10/02,,,,,,0.0,5016
2018/10/03,,,,,,0.0,5016
2018/10/04,,,,,,0.0,5016
2018/10/05,,,,,,0.0,5016
2018/10/09,,,,,,0.0,5016
2018/10/10,,,,,,0.0,5016
2018/10/11,,,,,,0.0,5016
2018/10/12,,,,,,0.0,5016
2018/10/15,,,,,,0.0,5016
2018/10/16,,,,,,0.0,5016
2018/10/17,,,,,,0.0,5016
2018/10/18,,,,,,0.0,5016
2018/10/19,,,,,,0.0,5016
2018/10/22,,,,,,0.0,5016
2018/10/23,,,,,,0.0,5016
2018/10/24,,,,,,0.0,5016
2018/10/25,,,,,,0.0,5016
2018/10/26,,,,,,0.0,5016
2018/10/29,,,,,,0.0,5016
2018/10/30,,,,,,0.0,5016
2018/10/31,,,,,,0.0,5016
2018/11/01,,,,,,0.0,5016
2018/11/02,,,,,,0.0,5016
2018/11/05,,,,,,0.0,5016
2018/11/06,,,,,,0.0,5016
2018/11/07,,,,,,0.0,5016
2018/11/08,,,,,,0.0,5016
2018/11/09,,,,,,0.0,5016
2018/11/12,,,,,,0.0,5016
2018/11/13,,,,,,0.0,5016
2018/11/14,,,,,,0.0,5016
2018/11/15,,,,,,0.0,5016
2018/11/16,,,,,,0.0,5016
2018/11/19,,,,,,0.0,5016
2018/11/20,,,,,,0.0,5016
2018/11/21,,,,,,0.0,5016
2018/11/22,,,,,,0.0,5016
2018/11/26,,,,,,0.0,5016
2018/11/27,,,,,,0.0,5016
2018/11/28,,,,,,0.0,5016
2018/11/29,,,,,,0.0,5016
2018/11/30,,,,,,0.0,5016
2018/12/03,,,,,,0.0,5016
2018/12/04,,,,,,0.0,5016
2018/12/05,,,,,,0.0,5016
2018/12/06,,,,,,0.0,5016
2018/12/07,,,,,,0.0,5016
2018/12/10,,,,,,0.0,5016
2018/12/11,,,,,,0.0,5016
2018/12/12,,,,,,0.0,5016
2018/12/13,,,,,,0.0,5016
2018/12/14,,,,,,0.0,5016
2018/12/17,,,,,,0.0,5016
2018/12/18,,,,,,0.0,5016
2018/12/19,,,,,,0.0,5016
2018/12/20,,,,,,0.0,5016
2018/12/21,,,,,,0.0,5016
2018/12/25,,,,,,0.0,5016
2018/12/26,,,,,,0.0,5016
2018/12/27,,,,,,0.0,5016
2018/12/28,,,,,,0.0,5016
2019/01/04,,,,,,0.0,5016
2019/01/07,,,,,,0.0,5016
2019/01/08,,,,,,0.0,5016
2019/01/09,,,,,,0.0,5016
2019/01/10,,,,,,0.0,5016
2019/01/11,,,,,,0.0,5016
2019/01/15,,,,,,0.0,5016
2019/01/16,,,,,,0.0,5016
2019/01/17,,,,,,0.0,5016
2019/01/18,,,,,,0.0,5016
2019/01/21,,,,,,0.0,5016
2019/01/22,,,,,,0.0,5016
2019/01/23,,,,,,0.0,5016
2019/01/24,,,,,,0.0,5016
2019/01/25,,,,,,0.0,5016
2019/01/28,,,,,,0.0,5016
2019/01/29,,,,,,0.0,5016
2019/01/30,,,,,,0.0,5016
2019/01/31,,,,,,0.0,5016
2019/02/01,,,,,,0.0,5016
2019/02/04,,,,,,0.0,5016
2019/02/05,,,,,,0.0,5016
2019/02/06,,,,,,0.0,5016
2019/02/07,,,,,,0.0,5016
2019/02/08,,,,,,0.0,5016
2019/02/12,,,,,,0.0,5016
2019/02/13,,,,,,0.0,5016
2019/02/14,,,,,,0.0,5016
2019/02/15,,,,,,0.0,5016
2019/02/18,,,,,,0.0,5016
2019/02/19,,,,,,0.0,5016
2019/02/20,,,,,,0.0,5016
2019/02/21,,,,,,0.0,5016
2019/02/22,,,,,,0.0,5016
2019/02/25,,,,,,0.0,5016
2019/02/26,,,,,,0.0,5016
2019/02/27,,,,,,0.0,5016
2019/02/28,,,,,,0.0,5016
2019/03/01,,,,,,0.0,5016
2019/03/04,,,,,,0.0,5016
2019/03/05,,,,,,0.0,5016
2019/03/06,,,,,,0.0,5016
2019/03/07,,,,,,0.0,5016
2019/03/08,,,,,,0.0,5016
2019/03/11,,,,,,0.0,5016
2019/03/12,,,,,,0.0,5016
2019/03/13,,,,,,0.0,5016
2019/03/14,,,,,,0.0,5016
2019/03/15,,,,,,0.0,5016
2019/03/18,,,,,,0.0,5016
2019/03/19,,,,,,0.0,5016
2019/03/20,,,,,,0.0,5016
2019/03/22,,,,,,0.0,5016
2019/03/25,,,,,,0.0,5016
2019/03/26,,,,,,0.0,5016
2019/03/27,,,,,,0.0,5016
2019/03/28,,,,,,0.0,5016
2019/03/29,,,,,,0.0,5016
2019/04/01,,,,,,0.0,5016
2019/04/02,,,,,,0.0,5016
2019/04/03,,,,,,0.0,5016
2019/04/04,,,,,,0.0,5016
2019/04/05,,,,,,0.0,5016
2019/04/08,,,,,,0.0,5016
2019/04/09,,,,,,0.0,5016
2019/04/10,,,,,,0.0,5016
2019/04/11,,,,,,0.0,5016
2019/04/12,,,,,,0.0,5016
2019/04/15,,,,,,0.0,5016
2019/04/16,,,,,,0.0,5016
2019/04/17,,,,,,0.0,5016
2019/04/18,,,,,,0.0,5016
2019/04/19,,,,,,0.0,5016
2019/04/22,,,,,,0.0,5016
2019/04/23,,,,,,0.0,5016
2019/04/24,,,,,,0.0,5016
2019/04/25,,,,,,0.0,5016
2019/04/26,,,,,,0.0,5016
2019/05/07,,,,,,0.0,5016
2019/05/08,,,,,,0.0,5016
2019/05/09,,,,,,0.0,5016
2019/05/10,,,,,,0.0,5016
2019/05/13,,,,,,0.0,5016
2019/05/14,,,,,,0.0,5016
2019/05/15,,,,,,0.0,5016
2019/05/16,,,,,,0.0,5016
2019/05/17,,,,,,0.0,5016
2019/05/20,,,,,,0.0,5016
2019/05/21,,,,,,0.0,5016
2019/05/22,,,,,,0.0,5016
2019/05/23,,,,,,0.0,5016
2019/05/24,,,,,,0.0,5016
2019/05/27,,,,,,0.0,5016
2019/05/28,,,,,,0.0,5016
2019/05/29,,,,,,0.0,5016
2019/05/30,,,,,,0.0,5016
2019/05/31,,,,,,0.0,5016
2019/06/03,,,,,,0.0,5016
2019/06/04,,,,,,0.0,5016
2019/06/05,,,,,,0.0,5016
2019/06/06,,,,,,0.0,5016
2019/06/07,,,,,,0.0,5016
2019/06/10,,,,,,0.0,5016
2019/06/11,,,,,,0.0,5016
2019/06/12,,,,,,0.0,5016
2019/06/13,,,,,,0.0,5016
2019/06/14,,,,,,0.0,5016
2019/06/17,,,,,,0.0,5016
2019/06/18,,,,,,0.0,5016
2019/06/19,,,,,,0.0,5016
2019/06/20,,,,,,0.0,5016
2019/06/21,,,,,,0.0,5016
2019/06/24,,,,,,0.0,5016
2019/06/25,,,,,,0.0,5016
2019/06/26,,,,,,0.0,5016
2019/06/27,,,,,,0.0,5016
2019/06/28,,,,,,0.0,5016
2019/07/01,,,,,,0.0,5016
2019/07/02,,,,,,0.0,5016
2019/07/03,,,,,,0.0,5016
2019/07/04,,,,,,0.0,5016
2019/07/05,,,,,,0.0,5016
2019/07/08,,,,,,0.0,5016
2019/07/09,,,,,,0.0,5016
2019/07/10,,,,,,0.0,5016
2019/07/11,,,,,,0.0,5016
2019/07/12,,,,,,0.0,5016
2019/07/16,,,,,,0.0,5016
2019/07/17,,,,,,0.0,5016
2019/07/18,,,,,,0.0,5016
2019/07/19,,,,,,0.0,5016
2019/07/22,,,,,,0.0,5016
2019/07/23,,,,,,0.0,5016
2019/07/24,,,,,,0.0,5016
2019/07/25,,,,,,0.0,5016
2019/07/26,,,,,,0.0,5016
2019/07/29,,,,,,0.0,5016
2019/07/30,,,,,,0.0,5016
2019/07/31,,,,,,0.0,5016
2019/08/01,,,,,,0.0,5016
2019/08/02,,,,,,0.0,5016
2019/08/05,,,,,,0.0,5016
2019/08/06,,,,,,0.0,5016
2019/08/07,,,,,,0.0,5016
2019/08/08,,,,,,0.0,5016
2019/08/09,,,,,,0.0,5016
2019/08/13,,,,,,0.0,5016
2019/08/14,,,,,,0.0,5016
2019/08/15,,,,,,0.0,5016
2019/08/16,,,,,,0.0,5016
2019/08/19,,,,,,0.0,5016
2019/08/20,,,,,,0.0,5016
2019/08/21,,,,,,0.0,5016
2019/08/22,,,,,,0.0,5016
2019/08/23,,,,,,0.0,5016
2019/08/26,,,,,,0.0,5016
2019/08/27,,,,,,0.0,5016
2019/08/28,,,,,,0.0,5016
2019/08/29,,,,,,0.0,5016
2019/08/30,,,,,,0.0,5016
2019/09/02,,,,,,0.0,5016
2019/09/03,,,,,,0.0,5016
2019/09/04,,,,,,0.0,5016
2019/09/05,,,,,,0.0,5016
2019/09/06,,,,,,0.0,5016
2019/09/09,,,,,,0.0,5016
2019/09/10,,,,,,0.0,5016
2019/09/11,,,,,,0.0,5016
2019/09/12,,,,,,0.0,5016
2019/09/13,,,,,,0.0,5016
2019/09/17,,,,,,0.0,5016
2019/09/18,,,,,,0.0,5016
2019/09/19,,,,,,0.0,5016
2019/09/20,,,,,,0.0,5016
2019/09/24,,,,,,0.0,5016
2019/09/25,,,,,,0.0,5016
2019/09/26,,,,,,0.0,5016
2019/09/27,,,,,,0.0,5016
2019/09/30,,,,,,0.0,5016
2019/10/01,,,,,,0.0,5016
2019/10/02,,,,,,0.0,5016
2019/10/03,,,,,,0.0,5016
2019/10/04,,,,,,0.0,5016
2019/10/07,,,,,,0.0,5016
2019/10/08,,,,,,0.0,5016
2019/10/09,,,,,,0.0,5016
2019/10/10,,,,,,0.0,5016
2019/10/11,,,,,,0.0,5016
2019/10/15,,,,,,0.0,5016
2019/10/16,,,,,,0.0,5016
2019/10/17,,,,,,0.0,5016
2019/10/18,,,,,,0.0,5016
2019/10/21,,,,,,0.0,5016
2019/10/23,,,,,,0.0,5016
2019/10/24,,,,,,0.0,5016
2019/10/25,,,,,,0.0,5016
2019/10/28,,,,,,0.0,5016
2019/10/29,,,,,,0.0,5016
2019/10/30,,,,,,0.0,5016
2019/10/31,,,,,,0.0,5016
2019/11/01,,,,,,0.0,5016
2019/11/05,,,,,,0.0,5016
2019/11/06,,,,,,0.0,5016
2019/11/07,,,,,,0.0,5016
2019/11/08,,,,,,0.0,5016
2019/11/11,,,,,,0.0,5016
2019/11/12,,,,,,0.0,5016
2019/11/13,,,,,,0.0,5016
2019/11/14,,,,,,0.0,5016
2019/11/15,,,,,,0.0,5016
2019/11/18,,,,,,0.0,5016
2019/11/19,,,,,,0.0,5016
2019/11/20,,,,,,0.0,5016
2019/11/21,,,,,,0.0,5016
2019/11/22,,,,,,0.0,5016
2019/11/25,,,,,,0.0,5016
2019/11/26,,,,,,0.0,5016
2019/11/27,,,,,,0.0,5016
2019/11/28,,,,,,0.0,5016
2019/11/29,,,,,,0.0,5016
2019/12/02,,,,,,0.0,5016
2019/12/03,,,,,,0.0,5016
2019/12/04,,,,,,0.0,5016
2019/12/05,,,,,,0.0,5016
2019/12/06,,,,,,0.0,5016
2019/12/09,,,,,,0.0,5016
2019/12/10,,,,,,0.0,5016
2019/12/11,,,,,,0.0,5016
2019/12/12,,,,,,0.0,5016
2019/12/13,,,,,,0.0,5016
2019/12/16,,,,,,0.0,5016
2019/12/17,,,,,,0.0,5016
2019/12/18,,,,,,0.0,5016
2019/12/19,,,,,,0.0,5016
2019/12/20,,,,,,0.0,5016
2019/12/23,,,,,,0.0,5016
2019/12/24,,,,,,0.0,5016
2019/12/25,,,,,,0.0,5016
2019/12/26,,,,,,0.0,5016
2019/12/27,,,,,,0.0,5016
2019/12/30,,,,,,0.0,5016
2020/01/06,,,,,,0.0,5016
2020/01/07,,,,,,0.0,5016
2020/01/08,,,,,,0.0,5016
2020/01/09,,,,,,0.0,5016
2020/01/10,,,,,,0.0,5016
2020/01/14,,,,,,0.0,5016
2020/01/15,,,,,,0.0,5016
2020/01/16,,,,,,0.0,5016
2020/01/17,,,,,,0.0,5016
2020/01/20,,,,,,0.0,5016
2020/01/21,,,,,,0.0,5016
2020/01/22,,,,,,0.0,5016
2020/01/23,,,,,,0.0,5016
2020/01/24,,,,,,0.0,5016
2020/01/27,,,,,,0.0,5016
2020/01/28,,,,,,0.0,5016
2020/01/29,,,,,,0.0,5016
2020/01/30,,,,,,0.0,5016
2020/01/31,,,,,,0.0,5016
2020/02/03,,,,,,0.0,5016
2020/02/04,,,,,,0.0,5016
2020/02/05,,,,,,0.0,5016
2020/02/06,,,,,,0.0,5016
2020/02/07,,,,,,0.0,5016
2020/02/10,,,,,,0.0,5016
2020/02/12,,,,,,0.0,5016
2020/02/13,,,,,,0.0,5016
2020/02/14,,,,,,0.0,5016
2020/02/17,,,,,,0.0,5016
2020/02/18,,,,,,0.0,5016
2020/02/19,,,,,,0.0,5016
2020/02/20,,,,,,0.0,5016
2020/02/21,,,,,,0.0,5016
2020/02/25,,,,,,0.0,5016
2020/02/26,,,,,,0.0,5016
2020/02/27,,,,,,0.0,5016
2020/02/28,,,,,,0.0,5016
2020/03/02,,,,,,0.0,5016
2020/03/03,,,,,,0.0,5016
2020/03/04,,,,,,0.0,5016
2020/03/05,,,,,,0.0,5016
2020/03/06,,,,,,0.0,5016
2020/03/09,,,,,,0.0,5016
2020/03/10,,,,,,0.0,5016
2020/03/11,,,,,,0.0,5016
2020/03/12,,,,,,0.0,5016
2020/03/13,,,,,,0.0,5016
2020/03/16,,,,,,0.0,5016
2020/03/17,,,,,,0.0,5016
2020/03/18,,,,,,0.0,5016
2020/03/19,,,,,,0.0,5016
2020/03/23,,,,,,0.0,5016
2020/03/24,,,,,,0.0,5016
2020/03/25,,,,,,0.0,5016
2020/03/26,,,,,,0.0,5016
2020/03/27,,,,,,0.0,5016
2020/03/30,,,,,,0.0,5016
2020/03/31,,,,,,0.0,5016
2020/04/01,,,,,,0.0,5016
2020/04/02,,,,,,0.0,5016
2020/04/03,,,,,,0.0,5016
2020/04/06,,,,,,0.0,5016
2020/04/07,,,,,,0.0,5016
2020/04/08,,,,,,0.0,5016
2020/04/09,,,,,,0.0,5016
2020/04/10,,,,,,0.0,5016
2020/04/13,,,,,,0.0,5016
2020/04/14,,,,,,0.0,5016
2020/04/15,,,,,,0.0,5016
2020/04/16,,,,,,0.0,5016
2020/04/17,,,,,,0.0,5016
2020/04/20,,,,,,0.0,5016
2020/04/21,,,,,,0.0,5016
2020/04/22,,,,,,0.0,5016
2020/04/23,,,,,,0.0,5016
2020/04/24,,,,,,0.0,5016
2020/04/27,,,,,,0.0,5016
2020/04/28,,,,,,0.0,5016
2020/04/30,,,,,,0.0,5016
2020/05/01,,,,,,0.0,5016
2020/05/07,,,,,,0.0,5016
2020/05/08,,,,,,0.0,5016
2020/05/11,,,,,,0.0,5016
2020/05/12,,,,,,0.0,5016
2020/05/13,,,,,,0.0,5016
2020/05/14,,,,,,0.0,5016
2020/05/15,,,,,,0.0,5016
2020/05/18,,,,,,0.0,5016
2020/05/19,,,,,,0.0,5016
2020/05/20,,,,,,0.0,5016
2020/05/21,,,,,,0.0,5016
2020/05/22,,,,,,0.0,5016
2020/05/25,,,,,,0.0,5016
2020/05/26,,,,,,0.0,5016
2020/05/27,,,,,,0.0,5016
2020/05/28,,,,,,0.0,5016
2020/05/29,,,,,,0.0,5016
2020/06/01,,,,,,0.0,5016
2020/06/02,,,,,,0.0,5016
2020/06/03,,,,,,0.0,5016
2020/06/04,,,,,,0.0,5016
2020/06/05,,,,,,0.0,5016
2020/06/08,,,,,,0.0,5016
2020/06/09,,,,,,0.0,5016
2020/06/10,,,,,,0.0,5016
2020/06/11,,,,,,0.0,5016
2020/06/12,,,,,,0.0,5016
2020/06/15,,,,,,0.0,5016
2020/06/16,,,,,,0.0,5016
2020/06/17,,,,,,0.0,5016
2020/06/18,,,,,,0.0,5016
2020/06/19,,,,,,0.0,5016
2020/06/22,,,,,,0.0,5016
2020/06/23,,,,,,0.0,5016
2020/06/24,,,,,,0.0,5016
2020/06/25,,,,,,0.0,5016
2020/06/26,,,,,,0.0,5016
2020/06/29,,,,,,0.0,5016
2020/06/30,,,,,,0.0,5016
2020/07/01,,,,,,0.0,5016
2020/07/02,,,,,,0.0,5016
2020/07/03,,,,,,0.0,5016
2020/07/06,,,,,,0.0,5016
2020/07/07,,,,,,0.0,5016
2020/07/08,,,,,,0.0,5016
2020/07/09,,,,,,0.0,5016
2020/07/10,,,,,,0.0,5016
2020/07/13,,,,,,0.0,5016
2020/07/14,,,,,,0.0,5016
2020/07/15,,,,,,0.0,5016
2020/07/16,,,,,,0.0,5016
2020/07/17,,,,,,0.0,5016
2020/07/20,,,,,,0.0,5016
2020/07/21,,,,,,0.0,5016
2020/07/22,,,,,,0.0,5016
2020/07/27,,,,,,0.0,5016
2020/07/28,,,,,,0.0,5016
2020/07/29,,,,,,0.0,5016
2020/07/30,,,,,,0.0,5016
2020/07/31,,,,,,0.0,5016
2020/08/03,,,,,,0.0,5016
2020/08/04,,,,,,0.0,5016
2020/08/05,,,,,,0.0,5016
2020/08/06,,,,,,0.0,5016
2020/08/07,,,,,,0.0,5016
2020/08/11,,,,,,0.0,5016
2020/08/12,,,,,,0.0,5016
2020/08/13,,,,,,0.0,5016
2020/08/14,,,,,,0.0,5016
2020/08/17,,,,,,0.0,5016
2020/08/18,,,,,,0.0,5016
2020/08/19,,,,,,0.0,5016
2020/08/20,,,,,,0.0,5016
2020/08/21,,,,,,0.0,5016
2020/08/24,,,,,,0.0,5016
2020/08/25,,,,,,0.0,5016
2020/08/26,,,,,,0.0,5016
2020/08/27,,,,,,0.0,5016
2020/08/28,,,,,,0.0,5016
2020/08/31,,,,,,0.0,5016
2020/09/01,,,,,,0.0,5016
2020/09/02,,,,,,0.0,5016
2020/09/03,,,,,,0.0,5016
2020/09/04,,,,,,0.0,5016
2020/09/07,,,,,,0.0,5016
2020/09/08,,,,,,0.0,5016
2020/09/09,,,,,,0.0,5016
2020/09/10,,,,,,0.0,5016
2020/09/11,,,,,,0.0,5016
2020/09/14,,,,,,0.0,5016
2020/09/15,,,,,,0.0,5016
2020/09/16,,,,,,0.0,5016
2020/09/17,,,,,,0.0,5016
2020/09/18,,,,,,0.0,5016
2020/09/23,,,,,,0.0,5016
2020/09/24,,,,,,0.0,5016
2020/09/25,,,,,,0.0,5016
2020/09/28,,,,,,0.0,5016
2020/09/29,,,,,,0.0,5016
2020/09/30,,,,,,0.0,5016
2020/10/01,,,,,,0.0,5016
2020/10/02,,,,,,0.0,5016
2020/10/05,,,,,,0.0,5016
2020/10/06,,,,,,0.0,5016
2020/10/07,,,,,,0.0,5016
2020/10/08,,,,,,0.0,5016
2020/10/09,,,,,,0.0,5016
2020/10/12,,,,,,0.0,5016
2020/10/13,,,,,,0.0,5016
2020/10/14,,,,,,0.0,5016
2020/10/15,,,,,,0.0,5016
2020/10/16,,,,,,0.0,5016
2020/10/19,,,,,,0.0,5016
2020/10/20,,,,,,0.0,5016
2020/10/21,,,,,,0.0,5016
2020/10/22,,,,,,0.0,5016
2020/10/23,,,,,,0.0,5016
2020/10/26,,,,,,0.0,5016
2020/10/27,,,,,,0.0,5016
2020/10/28,,,,,,0.0,5016
2020/10/29,,,,,,0.0,5016
2020/10/30,,,,,,0.0,5016
2020/11/02,,,,,,0.0,5016
2020/11/04,,,,,,0.0,5016
2020/11/05,,,,,,0.0,5016
2020/11/06,,,,,,0.0,5016
2020/11/09,,,,,,0.0,5016
2020/11/10,,,,,,0.0,5016
2020/11/11,,,,,,0.0,5016
2020/11/12,,,,,,0.0,5016
2020/11/13,,,,,,0.0,5016
2020/11/16,,,,,,0.0,5016
2020/11/17,,,,,,0.0,5016
2020/11/18,,,,,,0.0,5016
2020/11/19,,,,,,0.0,5016
2020/11/20,,,,,,0.0,5016
2020/11/24,,,,,,0.0,5016
2020/11/25,,,,,,0.0,5016
2020/11/26,,,,,,0.0,5016
2020/11/27,,,,,,0.0,5016
2020/11/30,,,,,,0.0,5016
2020/12/01,,,,,,0.0,5016
2020/12/02,,,,,,0.0,5016
2020/12/03,,,,,,0.0,5016
2020/12/04,,,,,,0.0,5016
2020/12/07,,,,,,0.0,5016
2020/12/08,,,,,,0.0,5016
2020/12/09,,,,,,0.0,5016
2020/12/10,,,,,,0.0,5016
2020/12/11,,,,,,0.0,5016
2020/12/14,,,,,,0.0,5016
2020/12/15,,,,,,0.0,5016
2020/12/16,,,,,,0.0,5016
2020/12/17,,,,,,0.0,5016
2020/12/18,,,,,,0.0,5016
2020/12/21,,,,,,0.0,5016
2020/12/22,,,,,,0.0,5016
2020/12/23,,,,,,0.0,5016
2020/12/24,,,,,,0.0,5016
2020/12/25,,,,,,0.0,5016
2020/12/28,,,,,,0.0,5016
2020/12/29,,,,,,0.0,5016
2020/12/30,,,,,,0.0,5016
2021/01/04,,,,,,0.0,5016
2021/01/05,,,,,,0.0,5016
2021/01/06,,,,,,0.0,5016
2021/01/07,,,,,,0.0,5016
2021/01/08,,,,,,0.0,5016
2021/01/12,,,,,,0.0,5016
2021/01/13,,,,,,0.0,5016
2021/01/14,,,,,,0.0,5016
2021/01/15,,,,,,0.0,5016
2021/01/18,,,,,,0.0,5016
2021/01/19,,,,,,0.0,5016
2021/01/20,,,,,,0.0,5016
2021/01/21,,,,,,0.0,5016
2021/01/22,,,,,,0.0,5016
2021/01/25,,,,,,0.0,5016
2021/01/26,,,,,,0.0,5016
2021/01/27,,,,,,0.0,5016
2021/01/28,,,,,,0.0,5016
2021/01/29,,,,,,0.0,5016
2021/02/01,,,,,,0.0,5016
2021/02/02,,,,,,0.0,5016
2021/02/03,,,,,,0.0,5016
2021/02/04,,,,,,0.0,5016
2021/02/05,,,,,,0.0,5016
2021/02/08,,,,,,0.0,5016
2021/02/09,,,,,,0.0,5016
2021/02/10,,,,,,0.0,5016
2021/02/12,,,,,,0.0,5016
2021/02/15,,,,,,0.0,5016
2021/02/16,,,,,,0.0,5016
2021/02/17,,,,,,0.0,5016
2021/02/18,,,,,,0.0,5016
2021/02/19,,,,,,0.0,5016
2021/02/22,,,,,,0.0,5016
2021/02/24,,,,,,0.0,5016
2021/02/25,,,,,,0.0,5016
2021/02/26,,,,,,0.0,5016
2021/03/01,,,,,,0.0,5016
2021/03/02,,,,,,0.0,5016
2021/03/03,,,,,,0.0,5016
2021/03/04,,,,,,0.0,5016
2021/03/05,,,,,,0.0,5016
2021/03/08,,,,,,0.0,5016
2021/03/09,,,,,,0.0,5016
2021/03/10,,,,,,0.0,5016
2021/03/11,,,,,,0.0,5016
2021/03/12,,,,,,0.0,5016
2021/03/15,,,,,,0.0,5016
2021/03/16,,,,,,0.0,5016
2021/03/17,,,,,,0.0,5016
2021/03/18,,,,,,0.0,5016
2021/03/19,,,,,,0.0,5016
2021/03/22,,,,,,0.0,5016
2021/03/23,,,,,,0.0,5016
2021/03/24,,,,,,0.0,5016
2021/03/25,,,,,,0.0,5016
2021/03/26,,,,,,0.0,5016
2021/03/29,,,,,,0.0,5016
2021/03/30,,,,,,0.0,5016
2021/03/31,,,,,,0.0,5016
2021/04/01,,,,,,0.0,5016
2021/04/02,,,,,,0.0,5016
2021/04/05,,,,,,0.0,5016
2021/04/06,,,,,,0.0,5016
2021/04/07,,,,,,0.0,5016
2021/04/08,,,,,,0.0,5016
2021/04/09,,,,,,0.0,5016
2021/04/12,,,,,,0.0,5016
2021/04/13,,,,,,0.0,5016
2021/04/14,,,,,,0.0,5016
2021/04/15,,,,,,0.0,5016
2021/04/16,,,,,,0.0,5016
2021/04/19,,,,,,0.0,5016
2021/04/20,,,,,,0.0,5016
2021/04/21,,,,,,0.0,5016
2021/04/22,,,,,,0.0,5016
2021/04/23,,,,,,0.0,5016
2021/04/26,,,,,,0.0,5016
2021/04/27,,,,,,0.0,5016
2021/04/28,,,,,,0.0,5016
2021/04/30,,,,,,0.0,5016
2021/05/06,,,,,,0.0,5016
2021/05/07,,,,,,0.0,5016
2021/05/10,,,,,,0.0,5016
2021/05/11,,,,,,0.0,5016
2021/05/12,,,,,,0.0,5016
2021/05/13,,,,,,0.0,5016
2021/05/14,,,,,,0.0,5016
2021/05/17,,,,,,0.0,5016
2021/05/18,,,,,,0.0,5016
2021/05/19,,,,,,0.0,5016
2021/05/20,,,,,,0.0,5016
2021/05/21,,,,,,0.0,5016
2021/05/24,,,,,,0.0,5016
2021/05/25,,,,,,0.0,5016
2021/05/26,,,,,,0.0,5016
2021/05/27,,,,,,0.0,5016
2021/05/28,,,,,,0.0,5016
2021/05/31,,,,,,0.0,5016
2021/06/01,,,,,,0.0,5016
2021/06/02,,,,,,0.0,5016
2021/06/03,,,,,,0.0,5016
2021/06/04,,,,,,0.0,5016
2021/06/07,,,,,,0.0,5016
2021/06/08,,,,,,0.0,5016
2021/06/09,,,,,,0.0,5016
2021/06/10,,,,,,0.0,5016
2021/06/11,,,,,,0.0,5016
2021/06/14,,,,,,0.0,5016
2021/06/15,,,,,,0.0,5016
2021/06/16,,,,,,0.0,5016
2021/06/17,,,,,,0.0,5016
2021/06/18,,,,,,0.0,5016
2021/06/21,,,,,,0.0,5016
2021/06/22,,,,,,0.0,5016
2021/06/23,,,,,,0.0,5016
2021/06/24,,,,,,0.0,5016
2021/06/25,,,,,,0.0,5016
2021/06/28,,,,,,0.0,5016
2021/06/29,,,,,,0.0,5016
2021/06/30,,,,,,0.0,5016
2021/07/01,,,,,,0.0,5016
2021/07/02,,,,,,0.0,5016
2021/07/05,,,,,,0.0,5016
2021/07/06,,,,,,0.0,5016
2021/07/07,,,,,,0.0,5016
2021/07/08,,,,,,0.0,5016
2021/07/09,,,,,,0.0,5016
2021/07/12,,,,,,0.0,5016
2021/07/13,,,,,,0.0,5016
2021/07/14,,,,,,0.0,5016
2021/07/15,,,,,,0.0,5016
2021/07/16,,,,,,0.0,5016
2021/07/19,,,,,,0.0,5016
2021/07/20,,,,,,0.0,5016
2021/07/21,,,,,,0.0,5016
2021/07/26,,,,,,0.0,5016
2021/07/27,,,,,,0.0,5016
2021/07/28,,,,,,0.0,5016
2021/07/29,,,,,,0.0,5016
2021/07/30,,,,,,0.0,5016
2021/08/02,,,,,,0.0,5016
2021/08/03,,,,,,0.0,5016
2021/08/04,,,,,,0.0,5016
2021/08/05,,,,,,0.0,5016
2021/08/06,,,,,,0.0,5016
2021/08/10,,,,,,0.0,5016
2021/08/11,,,,,,0.0,5016
2021/08/12,,,,,,0.0,5016
2021/08/13,,,,,,0.0,5016
2021/08/16,,,,,,0.0,5016
2021/08/17,,,,,,0.0,5016
2021/08/18,,,,,,0.0,5016
2021/08/19,,,,,,0.0,5016
2021/08/20,,,,,,0.0,5016
2021/08/23,,,,,,0.0,5016
2021/08/24,,,,,,0.0,5016
2021/08/25,,,,,,0.0,5016
2021/08/26,,,,,,0.0,5016
2021/08/27,,,,,,0.0,5016
2021/08/30,,,,,,0.0,5016
2021/08/31,,,,,,0.0,5016
2021/09/01,,,,,,0.0,5016
2021/09/02,,,,,,0.0,5016
2021/09/03,,,,,,0.0,5016
2021/09/06,,,,,,0.0,5016
2021/09/07,,,,,,0.0,5016
2021/09/08,,,,,,0.0,5016
2021/09/09,,,,,,0.0,5016
2021/09/10,,,,,,0.0,5016
2021/09/13,,,,,,0.0,5016
2021/09/14,,,,,,0.0,5016
2021/09/15,,,,,,0.0,5016
2021/09/16,,,,,,0.0,5016
2021/09/17,,,,,,0.0,5016
2021/09/21,,,,,,0.0,5016
2021/09/22,,,,,,0.0,5016
2021/09/24,,,,,,0.0,5016
2021/09/27,,,,,,0.0,5016
2021/09/28,,,,,,0.0,5016
2021/09/29,,,,,,0.0,5016
2021/09/30,,,,,,0.0,5016
2021/10/01,,,,,,0.0,5016
2021/10/04,,,,,,0.0,5016
2021/10/05,,,,,,0.0,5016
2021/10/06,,,,,,0.0,5016
2021/10/07,,,,,,0.0,5016
2021/10/08,,,,,,0.0,5016
2021/10/11,,,,,,0.0,5016
2021/10/12,,,,,,0.0,5016
2021/10/13,,,,,,0.0,5016
2021/10/14,,,,,,0.0,5016
2021/10/15,,,,,,0.0,5016
2021/10/18,,,,,,0.0,5016
2021/10/19,,,,,,0.0,5016
2021/10/20,,,,,,0.0,5016
2021/10/21,,,,,,0.0,5016
2021/10/22,,,,,,0.0,5016
2021/10/25,,,,,,0.0,5016
2021/10/26,,,,,,0.0,5016
2021/10/27,,,,,,0.0,5016
2021/10/28,,,,,,0.0,5016
2021/10/29,,,,,,0.0,5016
2021/11/01,,,,,,0.0,5016
2021/11/02,,,,,,0.0,5016
2021/11/04,,,,,,0.0,5016
2021/11/05,,,,,,0.0,5016
2021/11/08,,,,,,0.0,5016
2021/11/09,,,,,,0.0,5016
2021/11/10,,,,,,0.0,5016
2021/11/11,,,,,,0.0,5016
2021/11/12,,,,,,0.0,5016
2021/11/15,,,,,,0.0,5016
2021/11/16,,,,,,0.0,5016
2021/11/17,,,,,,0.0,5016
2021/11/18,,,,,,0.0,5016
2021/11/19,,,,,,0.0,5016
2021/11/22,,,,,,0.0,5016
2021/11/24,,,,,,0.0,5016
2021/11/25,,,,,,0.0,5016
2021/11/26,,,,,,0.0,5016
2021/11/29,,,,,,0.0,5016
2021/11/30,,,,,,0.0,5016
2021/12/01,,,,,,0.0,5016
2021/12/02,,,,,,0.0,5016
2021/12/03,,,,,,0.0,5016
2021/12/06,,,,,,0.0,5016
2021/12/07,,,,,,0.0,5016
2021/12/08,,,,,,0.0,5016
2021/12/09,,,,,,0.0,5016
2021/12/10,,,,,,0.0,5016
2021/12/13,,,,,,0.0,5016
2021/12/14,,,,,,0.0,5016
2021/12/15,,,,,,0.0,5016
2021/12/16,,,,,,0.0,5016
2021/12/17,,,,,,0.0,5016
2021/12/20,,,,,,0.0,5016
2021/12/21,,,,,,0.0,5016
2021/12/22,,,,,,0.0,5016
2021/12/23,,,,,,0.0,5016
2021/12/24,,,,,,0.0,5016
2021/12/27,,,,,,0.0,5016
2021/12/28,,,,,,0.0,5016
2021/12/29,,,,,,0.0,5016
2021/12/30,,,,,,0.0,5016
2022/01/04,,,,,,0.0,5016
2022/01/05,,,,,,0.0,5016
2022/01/06,,,,,,0.0,5016
2022/01/07,,,,,,0.0,5016
2022/01/11,,,,,,0.0,5016
2022/01/12,,,,,,0.0,5016
2022/01/13,,,,,,0.0,5016
2022/01/14,,,,,,0.0,5016
2022/01/17,,,,,,0.0,5016
2022/01/18,,,,,,0.0,5016
2022/01/19,,,,,,0.0,5016
2022/01/20,,,,,,0.0,5016
2022/01/21,,,,,,0.0,5016
2022/01/24,,,,,,0.0,5016
2022/01/25,,,,,,0.0,5016
2022/01/26,,,,,,0.0,5016
2022/01/27,,,,,,0.0,5016
2022/01/28,,,,,,0.0,5016
2022/01/31,,,,,,0.0,5016
2022/02/01,,,,,,0.0,5016
2022/02/02,,,,,,0.0,5016
2022/02/03,,,,,,0.0,5016
2022/02/04,,,,,,0.0,5016
2022/02/07,,,,,,0.0,5016
2022/02/08,,,,,,0.0,5016
2022/02/09,,,,,,0.0,5016
2022/02/10,,,,,,0.0,5016
2022/02/14,,,,,,0.0,5016
2022/02/15,,,,,,0.0,5016
2022/02/16,,,,,,0.0,5016
2022/02/17,,,,,,0.0,5016
2022/02/18,,,,,,0.0,5016
2022/02/21,,,,,,0.0,5016
2022/02/22,,,,,,0.0,5016
2022/02/24,,,,,,0.0,5016
2022/02/25,,,,,,0.0,5016
2022/02/28,,,,,,0.0,5016
2022/03/01,,,,,,0.0,5016
2022/03/02,,,,,,0.0,5016
2022/03/03,,,,,,0.0,5016
2022/03/04,,,,,,0.0,5016
2022/03/07,,,,,,0.0,5016
2022/03/08,,,,,,0.0,5016
2022/03/09,,,,,,0.0,5016
2022/03/10,,,,,,0.0,5016
2022/03/11,,,,,,0.0,5016
2022/03/14,,,,,,0.0,5016
2022/03/15,,,,,,0.0,5016
2022/03/16,,,,,,0.0,5016
2022/03/17,,,,,,0.0,5016
2022/03/18,,,,,,0.0,5016
2022/03/22,,,,,,0.0,5016
2022/03/23,,,,,,0.0,5016
2022/03/24,,,,,,0.0,5016
2022/03/25,,,,,,0.0,5016
2022/03/28,,,,,,0.0,5016
2022/03/29,,,,,,0.0,5016
2022/03/30,,,,,,0.0,5016
2022/03/31,,,,,,0.0,5016
2022/04/01,,,,,,0.0,5016
2022/04/04,,,,,,0.0,5016
2022/04/05,,,,,,0.0,5016
2022/04/06,,,,,,0.0,5016
2022/04/07,,,,,,0.0,5016
2022/04/08,,,,,,0.0,5016
2022/04/11,,,,,,0.0,5016
2022/04/12,,,,,,0.0,5016
2022/04/13,,,,,,0.0,5016
2022/04/14,,,,,,0.0,5016
2022/04/15,,,,,,0.0,5016
2022/04/18,,,,,,0.0,5016
2022/04/19,,,,,,0.0,5016
2022/04/20,,,,,,0.0,5016
2022/04/21,,,,,,0.0,5016
2022/04/22,,,,,,0.0,5016
2022/04/25,,,,,,0.0,5016
2022/04/26,,,,,,0.0,5016
2022/04/27,,,,,,0.0,5016
2022/04/28,,,,,,0.0,5016
2022/05/02,,,,,,0.0,5016
2022/05/06,,,,,,0.0,5016
2022/05/09,,,,,,0.0,5016
2022/05/10,,,,,,0.0,5016
2022/05/11,,,,,,0.0,5016
2022/05/12,,,,,,0.0,5016
2022/05/13,,,,,,0.0,5016
2022/05/16,,,,,,0.0,5016
2022/05/17,,,,,,0.0,5016
2022/05/18,,,,,,0.0,5016
2022/05/19,,,,,,0.0,5016
2022/05/20,,,,,,0.0,5016
2022/05/23,,,,,,0.0,5016
2022/05/24,,,,,,0.0,5016
2022/05/25,,,,,,0.0,5016
2022/05/26,,,,,,0.0,5016
2022/05/27,,,,,,0.0,5016
2022/05/30,,,,,,0.0,5016
2022/05/31,,,,,,0.0,5016
2022/06/01,,,,,,0.0,5016
2022/06/02,,,,,,0.0,5016
2022/06/03,,,,,,0.0,5016
2022/06/06,,,,,,0.0,5016
2022/06/07,,,,,,0.0,5016
2022/06/08,,,,,,0.0,5016
2022/06/09,,,,,,0.0,5016
2022/06/10,,,,,,0.0,5016
2022/06/13,,,,,,0.0,5016
2022/06/14,,,,,,0.0,5016
2022/06/15,,,,,,0.0,5016
2022/06/16,,,,,,0.0,5016
2022/06/17,,,,,,0.0,5016
2022/06/20,,,,,,0.0,5016
2022/06/21,,,,,,0.0,5016
2022/06/22,,,,,,0.0,5016
2022/06/23,,,,,,0.0,5016
2022/06/24,,,,,,0.0,5016
2022/06/27,,,,,,0.0,5016
2022/06/28,,,,,,0.0,5016
2022/06/29,,,,,,0.0,5016
2022/06/30,,,,,,0.0,5016
2022/07/01,,,,,,0.0,5016
2022/07/04,,,,,,0.0,5016
2022/07/05,,,,,,0.0,5016
2022/07/06,,,,,,0.0,5016
2022/07/07,,,,,,0.0,5016
2022/07/08,,,,,,0.0,5016
2022/07/11,,,,,,0.0,5016
2022/07/12,,,,,,0.0,5016
2022/07/13,,,,,,0.0,5016
2022/07/14,,,,,,0.0,5016
2022/07/15,,,,,,0.0,5016
2022/07/19,,,,,,0.0,5016
2022/07/20,,,,,,0.0,5016
2022/07/21,,,,,,0.0,5016
2022/07/22,,,,,,0.0,5016
2022/07/25,,,,,,0.0,5016
2022/07/26,,,,,,0.0,5016
2022/07/27,,,,,,0.0,5016
2022/07/28,,,,,,0.0,5016
2022/07/29,,,,,,0.0,5016
2022/08/01,,,,,,0.0,5016
2022/08/02,,,,,,0.0,5016
2022/08/03,,,,,,0.0,5016
2022/08/04,,,,,,0.0,5016
2022/08/05,,,,,,0.0,5016
2022/08/08,,,,,,0.0,5016
2022/08/09,,,,,,0.0,5016
2022/08/10,,,,,,0.0,5016
2022/08/12,,,,,,0.0,5016
2022/08/15,,,,,,0.0,5016
2022/08/16,,,,,,0.0,5016
2022/08/17,,,,,,0.0,5016
2022/08/18,,,,,,0.0,5016
2022/08/19,,,,,,0.0,5016
2022/08/22,,,,,,0.0,5016
2022/08/23,,,,,,0.0,5016
2022/08/24,,,,,,0.0,5016
2022/08/25,,,,,,0.0,5016
2022/08/26,,,,,,0.0,5016
2022/08/29,,,,,,0.0,5016
2022/08/30,,,,,,0.0,5016
2022/08/31,,,,,,0.0,5016
2022/09/01,,,,,,0.0,5016
2022/09/02,,,,,,0.0,5016
2022/09/05,,,,,,0.0,5016
2022/09/06,,,,,,0.0,5016
2022/09/07,,,,,,0.0,5016
2022/09/08,,,,,,0.0,5016
2022/09/09,,,,,,0.0,5016
2022/09/12,,,,,,0.0,5016
2022/09/13,,,,,,0.0,5016
2022/09/14,,,,,,0.0,5016
2022/09/15,,,,,,0.0,5016
2022/09/16,,,,,,0.0,5016
2022/09/20,,,,,,0.0,5016
2022/09/21,,,,,,0.0,5016
2022/09/22,,,,,,0.0,5016
2022/09/26,,,,,,0.0,5016
2022/09/27,,,,,,0.0,5016
2022/09/28,,,,,,0.0,5016
2022/09/29,,,,,,0.0,5016
2022/09/30,,,,,,0.0,5016
2022/10/03,,,,,,0.0,5016
2022/10/04,,,,,,0.0,5016
2022/10/05,,,,,,0.0,5016
2022/10/06,,,,,,0.0,5016
2022/10/07,,,,,,0.0,5016
2022/10/11,,,,,,0.0,5016
2022/10/12,,,,,,0.0,5016
2022/10/13,,,,,,0.0,5016
2022/10/14,,,,,,0.0,5016
2022/10/17,,,,,,0.0,5016
2022/10/18,,,,,,0.0,5016
2022/10/19,,,,,,0.0,5016
2022/10/20,,,,,,0.0,5016
2022/10/21,,,,,,0.0,5016
2022/10/24,,,,,,0.0,5016
2022/10/25,,,,,,0.0,5016
2022/10/26,,,,,,0.0,5016
2022/10/27,,,,,,0.0,5016
2022/10/28,,,,,,0.0,5016
2022/10/31,,,,,,0.0,5016
2022/11/01,,,,,,0.0,5016
2022/11/02,,,,,,0.0,5016
2022/11/04,,,,,,0.0,5016
2022/11/07,,,,,,0.0,5016
2022/11/08,,,,,,0.0,5016
2022/11/09,,,,,,0.0,5016
2022/11/10,,,,,,0.0,5016
2022/11/11,,,,,,0.0,5016
2022/11/14,,,,,,0.0,5016
2022/11/15,,,,,,0.0,5016
2022/11/16,,,,,,0.0,5016
2022/11/17,,,,,,0.0,5016
2022/11/18,,,,,,0.0,5016
2022/11/21,,,,,,0.0,5016
2022/11/22,,,,,,0.0,5016
2022/11/24,,,,,,0.0,5016
2022/11/25,,,,,,0.0,5016
2022/11/28,,,,,,0.0,5016
2022/11/29,,,,,,0.0,5016
2022/11/30,,,,,,0.0,5016
2022/12/01,,,,,,0.0,5016
2022/12/02,,,,,,0.0,5016
2022/12/05,,,,,,0.0,5016
2022/12/06,,,,,,0.0,5016
2022/12/07,,,,,,0.0,5016
2022/12/08,,,,,,0.0,5016
2022/12/09,,,,,,0.0,5016
2022/12/12,,,,,,0.0,5016
2022/12/13,,,,,,0.0,5016
2022/12/14,,,,,,0.0,5016
2022/12/15,,,,,,0.0,5016
2022/12/16,,,,,,0.0,5016
2022/12/19,,,,,,0.0,5016
2022/12/20,,,,,,0.0,5016
2022/12/21,,,,,,0.0,5016
2022/12/22,,,,,,0.0,5016
2022/12/23,,,,,,0.0,5016
2022/12/26,,,,,,0.0,5016
2022/12/27,,,,,,0.0,5016
2022/12/28,,,,,,0.0,5016
2022/12/29,,,,,,0.0,5016
2022/12/30,,,,,,0.0,5016
2023/01/04,,,,,,0.0,5016
2023/01/05,,,,,,0.0,5016
2023/01/06,,,,,,0.0,5016
2023/01/10,,,,,,0.0,5016
2023/01/11,,,,,,0.0,5016
2023/01/12,,,,,,0.0,5016
2023/01/13,,,,,,0.0,5016
2023/01/16,,,,,,0.0,5016
2023/01/17,,,,,,0.0,5016
2023/01/18,,,,,,0.0,5016
2023/01/19,,,,,,0.0,5016
2023/01/20,,,,,,0.0,5016
2023/01/23,,,,,,0.0,5016
2023/01/24,,,,,,0.0,5016
2023/01/25,,,,,,0.0,5016
2023/01/26,,,,,,0.0,5016
2023/01/27,,,,,,0.0,5016
2023/01/30,,,,,,0.0,5016
2023/01/31,,,,,,0.0,5016
2023/02/01,,,,,,0.0,5016
2023/02/02,,,,,,0.0,5016
2023/02/03,,,,,,0.0,5016
2023/02/06,,,,,,0.0,5016
2023/02/07,,,,,,0.0,5016
2023/02/08,,,,,,0.0,5016
2023/02/09,,,,,,0.0,5016
2023/02/10,,,,,,0.0,5016
2023/02/13,,,,,,0.0,5016
2023/02/14,,,,,,0.0,5016
2023/02/15,,,,,,0.0,5016
2023/02/16,,,,,,0.0,5016
2023/02/17,,,,,,0.0,5016
2023/02/20,,,,,,0.0,5016
2023/02/21,,,,,,0.0,5016
2023/02/22,,,,,,0.0,5016
2023/02/24,,,,,,0.0,5016
2023/02/27,,,,,,0.0,5016
2023/02/28,,,,,,0.0,5016
2023/03/01,,,,,,0.0,5016
2023/03/02,,,,,,0.0,5016
2023/03/03,,,,,,0.0,5016
2023/03/06,,,,,,0.0,5016
2023/03/07,,,,,,0.0,5016
2023/03/08,,,,,,0.0,5016
2023/03/09,,,,,,0.0,5016
2023/03/10,,,,,,0.0,5016
2023/03/13,,,,,,0.0,5016
2023/03/14,,,,,,0.0,5016
2023/03/15,,,,,,0.0,5016
2023/03/16,,,,,,0.0,5016
2023/03/17,,,,,,0.0,5016
2023/03/20,,,,,,0.0,5016
2023/03/22,,,,,,0.0,5016
2023/03/23,,,,,,0.0,5016
2023/03/24,,,,,,0.0,5016
2023/03/27,,,,,,0.0,5016
2023/03/28,,,,,,0.0,5016
2023/03/29,,,,,,0.0,5016
2023/03/30,,,,,,0.0,5016
2023/03/31,,,,,,0.0,5016
2023/04/03,,,,,,0.0,5016
2023/04/04,,,,,,0.0,5016
2023/04/05,,,,,,0.0,5016
2023/04/06,,,,,,0.0,5016
2023/04/07,,,,,,0.0,5016
2023/04/10,,,,,,0.0,5016
2023/04/11,,,,,,0.0,5016
2023/04/12,,,,,,0.0,5016
2023/04/13,,,,,,0.0,5016
2023/04/14,,,,,,0.0,5016
2023/04/17,,,,,,0.0,5016
2023/04/18,,,,,,0.0,5016
2023/04/19,,,,,,0.0,5016
2023/04/20,,,,,,0.0,5016
2023/04/21,,,,,,0.0,5016
2023/04/24,,,,,,0.0,5016
2023/04/25,,,,,,0.0,5016
2023/04/26,,,,,,0.0,5016
2023/04/27,,,,,,0.0,5016
2023/04/28,,,,,,0.0,5016
2023/05/01,,,,,,0.0,5016
2023/05/02,,,,,,0.0,5016
2023/05/08,,,,,,0.0,5016
2023/05/09,,,,,,0.0,5016
2023/05/10,,,,,,0.0,5016
2023/05/11,,,,,,0.0,5016
2023/05/12,,,,,,0.0,5016
2023/05/15,,,,,,0.0,5016
2023/05/16,,,,,,0.0,5016
2023/05/17,,,,,,0.0,5016
2023/05/18,,,,,,0.0,5016
2023/05/19,,,,,,0.0,5016
2023/05/22,,,,,,0.0,5016
2023/05/23,,,,,,0.0,5016
2023/05/24,,,,,,0.0,5016
2023/05/25,,,,,,0.0,5016
2023/05/26,,,,,,0.0,5016
2023/05/29,,,,,,0.0,5016
2023/05/30,,,,,,0.0,5016
2023/05/31,,,,,,0.0,5016
2023/06/01,,,,,,0.0,5016
2023/06/02,,,,,,0.0,5016
2023/06/05,,,,,,0.0,5016
2023/06/06,,,,,,0.0,5016
2023/06/07,,,,,,0.0,5016
2023/06/08,,,,,,0.0,5016
2023/06/09,,,,,,0.0,5016
2023/06/12,,,,,,0.0,5016
2023/06/13,,,,,,0.0,5016
2023/06/14,,,,,,0.0,5016
2023/06/15,,,,,,0.0,5016
2023/06/16,,,,,,0.0,5016
2023/06/19,,,,,,0.0,5016
2023/06/20,,,,,,0.0,5016
2023/06/21,,,,,,0.0,5016
2023/06/22,,,,,,0.0,5016
2023/06/23,,,,,,0.0,5016
2023/06/26,,,,,,0.0,5016
2023/06/27,,,,,,0.0,5016
2023/06/28,,,,,,0.0,5016
2023/06/29,,,,,,0.0,5016
2023/06/30,,,,,,0.0,5016
2023/07/03,,,,,,0.0,5016
2023/07/04,,,,,,0.0,5016
2023/07/05,,,,,,0.0,5016
2023/07/06,,,,,,0.0,5016
2023/07/07,,,,,,0.0,5016
2023/07/10,,,,,,0.0,5016
2023/07/11,,,,,,0.0,5016
2023/07/12,,,,,,0.0,5016
2023/07/13,,,,,,0.0,5016
2023/07/14,,,,,,0.0,5016
2023/07/18,,,,,,0.0,5016
2023/07/19,,,,,,0.0,5016
2023/07/20,,,,,,0.0,5016
2023/07/21,,,,,,0.0,5016
2023/07/24,,,,,,0.0,5016
2023/07/25,,,,,,0.0,5016
2023/07/26,,,,,,0.0,5016
2023/07/27,,,,,,0.0,5016
2023/07/28,,,,,,0.0,5016
2023/07/31,,,,,,0.0,5016
2023/08/01,,,,,,0.0,5016
2023/08/02,,,,,,0.0,5016
2023/08/03,,,,,,0.0,5016
2023/08/04,,,,,,0.0,5016
2023/08/07,,,,,,0.0,5016
2023/08/08,,,,,,0.0,5016
2023/08/09,,,,,,0.0,5016
2023/08/10,,,,,,0.0,5016
2023/08/14,,,,,,0.0,5016
2023/08/15,,,,,,0.0,5016
2023/08/16,,,,,,0.0,5016
2023/08/17,,,,,,0.0,5016
2023/08/18,,,,,,0.0,5016
2023/08/21,,,,,,0.0,5016
2023/08/22,,,,,,0.0,5016
2023/08/23,,,,,,0.0,5016
2023/08/24,,,,,,0.0,5016
2023/08/25,,,,,,0.0,5016
2023/08/28,,,,,,0.0,5016
2023/08/29,,,,,,0.0,5016
2023/08/30,,,,,,0.0,5016
2023/08/31,,,,,,0.0,5016
2023/09/01,,,,,,0.0,5016
2023/09/04,,,,,,0.0,5016
2023/09/05,,,,,,0.0,5016
2023/09/06,,,,,,0.0,5016
2023/09/07,,,,,,0.0,5016
2023/09/08,,,,,,0.0,5016
2023/09/11,,,,,,0.0,5016
2023/09/12,,,,,,0.0,5016
2023/09/13,,,,,,0.0,5016
2023/09/14,,,,,,0.0,5016
2023/09/15,,,,,,0.0,5016
2023/09/19,,,,,,0.0,5016
2023/09/20,,,,,,0.0,5016
2023/09/21,,,,,,0.0,5016
2023/09/22,,,,,,0.0,5016
2023/09/25,,,,,,0.0,5016
2023/09/26,,,,,,0.0,5016
2023/09/27,,,,,,0.0,5016
2023/09/28,,,,,,0.0,5016
2023/09/29,,,,,,0.0,5016
2023/10/02,,,,,,0.0,5016
2023/10/03,,,,,,0.0,5016
2023/10/04,,,,,,0.0,5016
2023/10/05,,,,,,0.0,5016
2023/10/06,,,,,,0.0,5016
2023/10/10,,,,,,0.0,5016
2023/10/11,,,,,,0.0,5016
2023/10/12,,,,,,0.0,5016
2023/10/13,,,,,,0.0,5016
2023/10/16,,,,,,0.0,5016
2023/10/17,,,,,,0.0,5016
2023/10/18,,,,,,0.0,5016
2023/10/19,,,,,,0.0,5016
2023/10/20,,,,,,0.0,5016
2023/10/23,,,,,,0.0,5016
2023/10/24,,,,,,0.0,5016
2023/10/25,,,,,,0.0,5016
2023/10/26,,,,,,0.0,5016
2023/10/27,,,,,,0.0,5016
2023/10/30,,,,,,0.0,5016
2023/10/31,,,,,,0.0,5016
2023/11/01,,,,,,0.0,5016
2023/11/02,,,,,,0.0,5016
2023/11/06,,,,,,0.0,5016
2023/11/07,,,,,,0.0,5016
2023/11/08,,,,,,0.0,5016
2023/11/09,,,,,,0.0,5016
2023/11/10,,,,,,0.0,5016
2023/11/13,,,,,,0.0,5016
2023/11/14,,,,,,0.0,5016
2023/11/15,,,,,,0.0,5016
2023/11/16,,,,,,0.0,5016
2023/11/17,,,,,,0.0,5016
2023/11/20,,,,,,0.0,5016
2023/11/21,,,,,,0.0,5016
2023/11/22,,,,,,0.0,5016
2023/11/24,,,,,,0.0,5016
2023/11/27,,,,,,0.0,5016
2023/11/28,,,,,,0.0,5016
2023/11/29,,,,,,0.0,5016
2023/11/30,,,,,,0.0,5016
2023/12/01,,,,,,0.0,5016
2023/12/04,,,,,,0.0,5016
2023/12/05,,,,,,0.0,5016
2023/12/06,,,,,,0.0,5016
2023/12/07,,,,,,0.0,5016
2023/12/08,,,,,,0.0,5016
2023/12/11,,,,,,0.0,5016
2023/12/12,,,,,,0.0,5016
2023/12/13,,,,,,0.0,5016
2023/12/14,,,,,,0.0,5016
2023/12/15,,,,,,0.0,5016
2023/12/18,,,,,,0.0,5016
2023/12/19,,,,,,0.0,5016
2023/12/20,,,,,,0.0,5016
2023/12/21,,,,,,0.0,5016
2023/12/22,,,,,,0.0,5016
2023/12/25,,,,,,0.0,5016
2023/12/26,,,,,,0.0,5016
2023/12/27,,,,,,0.0,5016
2023/12/28,,,,,,0.0,5016
2023/12/29,,,,,,0.0,5016
2024/01/04,,,,,,0.0,5016
2024/01/05,,,,,,0.0,5016
2024/01/09,,,,,,0.0,5016
2024/01/10,,,,,,0.0,5016
2024/01/11,,,,,,0.0,5016
2024/01/12,,,,,,0.0,5016
2024/01/15,,,,,,0.0,5016
2024/01/16,,,,,,0.0,5016
2024/01/17,,,,,,0.0,5016
2024/01/18,,,,,,0.0,5016
2024/01/19,,,,,,0.0,5016
2024/01/22,,,,,,0.0,5016
2024/01/23,,,,,,0.0,5016
2024/01/24,,,,,,0.0,5016
2024/01/25,,,,,,0.0,5016
2024/01/26,,,,,,0.0,5016
2024/01/29,,,,,,0.0,5016
2024/01/30,,,,,,0.0,5016
2024/01/31,,,,,,0.0,5016
2024/02/01,,,,,,0.0,5016
2024/02/02,,,,,,0.0,5016
2024/02/05,,,,,,0.0,5016
2024/02/06,,,,,,0.0,5016
2024/02/07,,,,,,0.0,5016
2024/02/08,,,,,,0.0,5016
2024/02/09,,,,,,0.0,5016
2024/02/13,,,,,,0.0,5016
2024/02/14,,,,,,0.0,5016
2024/02/15,,,,,,0.0,5016
2024/02/16,,,,,,0.0,5016
2024/02/19,,,,,,0.0,5016
2024/02/20,,,,,,0.0,5016
2024/02/21,,,,,,0.0,5016
2024/02/22,,,,,,0.0,5016
2024/02/26,,,,,,0.0,5016
2024/02/27,,,,,,0.0,5016
2024/02/28,,,,,,0.0,5016
2024/02/29,,,,,,0.0,5016
2024/03/01,,,,,,0.0,5016
2024/03/04,,,,,,0.0,5016
2024/03/05,,,,,,0.0,5016
2024/03/06,,,,,,0.0,5016
2024/03/07,,,,,,0.0,5016
2024/03/08,,,,,,0.0,5016
2024/03/11,,,,,,0.0,5016
2024/03/12,,,,,,0.0,5016
2024/03/13,,,,,,0.0,5016
2024/03/14,,,,,,0.0,5016
2024/03/15,,,,,,0.0,5016
2024/03/18,,,,,,0.0,5016
2024/03/19,,,,,,0.0,5016
2024/03/21,,,,,,0.0,5016
2024/03/22,,,,,,0.0,5016
2024/03/25,,,,,,0.0,5016
2024/03/26,,,,,,0.0,5016
2024/03/27,,,,,,0.0,5016
2024/03/28,,,,,,0.0,5016
2024/03/29,,,,,,0.0,5016
2024/04/01,,,,,,0.0,5016
2024/04/02,,,,,,0.0,5016
2024/04/03,,,,,,0.0,5016
2024/04/04,,,,,,0.0,5016
2024/04/05,,,,,,0.0,5016
2024/04/08,,,,,,0.0,5016
2024/04/09,,,,,,0.0,5016
2024/04/10,,,,,,0.0,5016
2024/04/11,,,,,,0.0,5016
2024/04/12,,,,,,0.0,5016
2024/04/15,,,,,,0.0,5016
2024/04/16,,,,,,0.0,5016
2024/04/17,,,,,,0.0,5016
2024/04/18,,,,,,0.0,5016
2024/04/19,,,,,,0.0,5016
2024/04/22,,,,,,0.0,5016
2024/04/23,,,,,,0.0,5016
2024/04/24,,,,,,0.0,5016
2024/04/25,,,,,,0.0,5016
2024/04/26,,,,,,0.0,5016
2024/04/30,,,,,,0.0,5016
2024/05/01,,,,,,0.0,5016
2024/05/02,,,,,,0.0,5016
2024/05/07,,,,,,0.0,5016
2024/05/08,,,,,,0.0,5016
2024/05/09,,,,,,0.0,5016
2024/05/10,,,,,,0.0,5016
2024/05/13,,,,,,0.0,5016
2024/05/14,,,,,,0.0,5016
2024/05/15,,,,,,0.0,5016
2024/05/16,,,,,,0.0,5016
2024/05/17,,,,,,0.0,5016
2024/05/20,,,,,,0.0,5016
2024/05/21,,,,,,0.0,5016
2024/05/22,,,,,,0.0,5016
2024/05/23,,,,,,0.0,5016
2024/05/24,,,,,,0.0,5016
2024/05/27,,,,,,0.0,5016
2024/05/28,,,,,,0.0,5016
2024/05/29,,,,,,0.0,5016
2024/05/30,,,,,,0.0,5016
2024/05/31,,,,,,0.0,5016
2024/06/03,,,,,,0.0,5016
2024/06/04,,,,,,0.0,5016
2024/06/05,,,,,,0.0,5016
2024/06/06,,,,,,0.0,5016
2024/06/07,,,,,,0.0,5016
2024/06/10,,,,,,0.0,5016
2024/06/11,,,,,,0.0,5016
2024/06/12,,,,,,0.0,5016
2024/06/13,,,,,,0.0,5016
2024/06/14,,,,,,0.0,5016
2024/06/17,,,,,,0.0,5016
2024/06/18,,,,,,0.0,5016
2024/06/19,,,,,,0.0,5016
2024/06/20,,,,,,0.0,5016
2024/06/21,,,,,,0.0,5016
2024/06/24,,,,,,0.0,5016
2024/06/25,,,,,,0.0,5016
2024/06/26,,,,,,0.0,5016
2024/06/27,,,,,,0.0,5016
2024/06/28,,,,,,0.0,5016
2024/07/01,,,,,,0.0,5016
2024/07/02,,,,,,0.0,5016
2024/07/03,,,,,,0.0,5016
2024/07/04,,,,,,0.0,5016
2024/07/05,,,,,,0.0,5016
2024/07/08,,,,,,0.0,5016
2024/07/09,,,,,,0.0,5016
2024/07/10,,,,,,0.0,5016
2024/07/11,,,,,,0.0,5016
2024/07/12,,,,,,0.0,5016
2024/07/16,,,,,,0.0,5016
2024/07/17,,,,,,0.0,5016
2024/07/18,,,,,,0.0,5016
2024/07/19,,,,,,0.0,5016
2024/07/22,,,,,,0.0,5016
2024/07/23,,,,,,0.0,5016
2024/07/24,,,,,,0.0,5016
2024/07/25,,,,,,0.0,5016
2024/07/26,,,,,,0.0,5016
2024/07/29,,,,,,0.0,5016
2024/07/30,,,,,,0.0,5016
2024/07/31,,,,,,0.0,5016
2024/08/01,,,,,,0.0,5016
2024/08/02,,,,,,0.0,5016
2024/08/05,,,,,,0.0,5016
2024/08/06,,,,,,0.0,5016
2024/08/07,,,,,,0.0,5016
2024/08/08,,,,,,0.0,5016
2024/08/09,,,,,,0.0,5016
2024/08/13,,,,,,0.0,5016
2024/08/14,,,,,,0.0,5016
2024/08/15,,,,,,0.0,5016
2024/08/16,,,,,,0.0,5016
2024/08/19,,,,,,0.0,5016
2024/08/20,,,,,,0.0,5016
2024/08/21,,,,,,0.0,5016
2024/08/22,,,,,,0.0,5016
2024/08/23,,,,,,0.0,5016
2024/08/26,,,,,,0.0,5016
2024/08/27,,,,,,0.0,5016
2024/08/28,,,,,,0.0,5016
2024/08/29,,,,,,0.0,5016
2024/08/30,,,,,,0.0,5016
2024/09/02,,,,,,0.0,5016
2024/09/03,,,,,,0.0,5016
2024/09/04,,,,,,0.0,5016
2024/09/05,,,,,,0.0,5016
2024/09/06,,,,,,0.0,5016
2024/09/09,,,,,,0.0,5016
2024/09/10,,,,,,0.0,5016
2024/09/11,,,,,,0.0,5016
2024/09/12,,,,,,0.0,5016
2024/09/13,,,,,,0.0,5016
2024/09/17,,,,,,0.0,5016
2024/09/18,,,,,,0.0,5016
2024/09/19,,,,,,0.0,5016
2024/09/20,,,,,,0.0,5016
2024/09/24,,,,,,0.0,5016
2024/09/25,,,,,,0.0,5016
2024/09/26,,,,,,0.0,5016
2024/09/27,,,,,,0.0,5016
2024/09/30,,,,,,0.0,5016
2024/10/01,,,,,,0.0,5016
2024/10/02,,,,,,0.0,5016
2024/10/03,,,,,,0.0,5016
2024/10/04,,,,,,0.0,5016
2024/10/07,,,,,,0.0,5016
2024/10/08,,,,,,0.0,5016
2024/10/09,,,,,,0.0,5016
2024/10/10,,,,,,0.0,5016
2024/10/11,,,,,,0.0,5016
2024/10/15,,,,,,0.0,5016
2024/10/16,,,,,,0.0,5016
2024/10/17,,,,,,0.0,5016
2024/10/18,,,,,,0.0,5016
2024/10/21,,,,,,0.0,5016
2024/10/22,,,,,,0.0,5016
2024/10/23,,,,,,0.0,5016
2024/10/24,,,,,,0.0,5016
2024/10/25,,,,,,0.0,5016
2024/10/28,,,,,,0.0,5016
2024/10/29,,,,,,0.0,5016
2024/10/30,,,,,,0.0,5016
2024/10/31,,,,,,0.0,5016
2024/11/01,,,,,,0.0,5016
2024/11/05,,,,,,0.0,5016
2024/11/06,,,,,,0.0,5016
2024/11/07,,,,,,0.0,5016
2024/11/08,,,,,,0.0,5016
2024/11/11,,,,,,0.0,5016
2024/11/12,,,,,,0.0,5016
2024/11/13,,,,,,0.0,5016
2024/11/14,,,,,,0.0,5016
2024/11/15,,,,,,0.0,5016
2024/11/18,,,,,,0.0,5016
2024/11/19,,,,,,0.0,5016
2024/11/20,,,,,,0.0,5016
2024/11/21,,,,,,0.0,5016
2024/11/22,,,,,,0.0,5016
2024/11/25,,,,,,0.0,5016
2024/11/26,,,,,,0.0,5016
2024/11/27,,,,,,0.0,5016
2024/11/28,,,,,,0.0,5016
2024/11/29,,,,,,0.0,5016
2024/12/02,,,,,,0.0,5016
2024/12/03,,,,,,0.0,5016
2024/12/04,,,,,,0.0,5016
2024/12/05,,,,,,0.0,5016
2024/12/06,,,,,,0.0,5016
2024/12/09,,,,,,0.0,5016
2024/12/10,,,,,,0.0,5016
2024/12/11,,,,,,0.0,5016
2024/12/12,,,,,,0.0,5016
2024/12/13,,,,,,0.0,5016
2024/12/16,,,,,,0.0,5016
2024/12/17,,,,,,0.0,5016
2024/12/18,,,,,,0.0,5016
2024/12/19,,,,,,0.0,5016
2024/12/20,,,,,,0.0,5016
2024/12/23,,,,,,0.0,5016
2024/12/24,,,,,,0.0,5016
2024/12/25,,,,,,0.0,5016
2024/12/26,,,,,,0.0,5016
2024/12/27,,,,,,0.0,5016
2024/12/30,,,,,,0.0,5016
2025/01/06,,,,,,0.0,5016
2025/01/07,,,,,,0.0,5016
2025/01/08,,,,,,0.0,5016
2025/01/09,,,,,,0.0,5016
2025/01/10,,,,,,0.0,5016
2025/01/14,,,,,,0.0,5016
2025/01/15,,,,,,0.0,5016
2025/01/16,,,,,,0.0,5016
2025/01/17,,,,,,0.0,5016
2025/01/20,,,,,,0.0,5016
2025/01/21,,,,,,0.0,5016
2025/01/22,,,,,,0.0,5016
2025/01/23,,,,,,0.0,5016
2025/01/24,,,,,,0.0,5016
2025/01/27,,,,,,0.0,5016
2025/01/28,,,,,,0.0,5016
2025/01/29,,,,,,0.0,5016
2025/01/30,,,,,,0.0,5016
2025/01/31,,,,,,0.0,5016
2025/02/03,,,,,,0.0,5016
2025/02/04,,,,,,0.0,5016
2025/02/05,,,,,,0.0,5016
2025/02/06,,,,,,0.0,5016
2025/02/07,,,,,,0.0,5016
2025/02/10,,,,,,0.0,5016
2025/02/12,,,,,,0.0,5016
2025/02/13,,,,,,0.0,5016
2025/02/14,,,,,,0.0,5016
2025/02/17,,,,,,0.0,5016
2025/02/18,,,,,,0.0,5016
2025/02/19,,,,,,0.0,5016
2025/02/20,,,,,,0.0,5016
2025/02/21,,,,,,0.0,5016
2025/02/25,,,,,,0.0,5016
2025/02/26,,,,,,0.0,5016
2025/02/27,,,,,,0.0,5016
2025/02/28,,,,,,0.0,5016
2025/03/03,,,,,,0.0,5016
2025/03/04,,,,,,0.0,5016
2025/03/05,,,,,,0.0,5016
2025/03/06,,,,,,0.0,5016
2025/03/07,,,,,,0.0,5016
2025/03/10,,,,,,0.0,5016
2025/03/11,,,,,,0.0,5016
2025/03/12,,,,,,0.0,5016
2025/03/13,,,,,,0.0,5016
2025/03/14,,,,,,0.0,5016
2025/03/17,,,,,,0.0,5016
2025/03/18,,,,,,0.0,5016
2025/03/19,,843.0,883.0,842.0,874.0,175980400.0,5016
2025/03/21,,908.0,967.0,905.0,958.0,147470400.0,5016
2025/03/24,,991.0,1040.0,958.0,965.0,111144700.0,5016
2025/03/25,,991.0,991.0,928.0,935.0,52074400.0,5016
2025/03/26,,928.0,966.0,916.0,943.0,40361600.0,5016
2025/03/27,,935.0,946.0,918.0,930.0,22273000.0,5016
2025/03/28,,920.0,950.0,908.0,915.0,21235900.0,5016
2025/03/31,,886.0,907.0,882.0,889.0,18471400.0,5016
2025/04/01,,898.0,918.0,861.0,863.0,18052300.0,5016
2025/04/02,,866.0,872.0,838.0,865.0,18202600.0,5016
2025/04/03,,813.0,864.0,813.0,844.0,16246100.0,5016
2025/04/04,,822.0,831.0,767.0,798.0,24870200.0,5016
2025/04/07,,683.0,708.0,650.0,652.0,28847900.0,5016
2025/04/08,,740.0,752.0,727.0,752.0,8739100.0,5016
2025/04/09,,745.0,759.0,712.0,743.0,21044500.0,5016
2025/04/10,,848.0,849.0,794.0,830.0,19846200.0,5016
2025/04/11,,819.0,848.0,805.0,846.0,13974600.0,5016
2025/04/14,,860.0,864.0,837.0,843.0,13234200.0,5016
2025/04/15,,845.0,852.0,828.0,830.0,7909000.0,5016
2025/04/16,,830.0,832.0,810.0,824.0,7391800.0,5016
2025/04/17,,821.0,836.0,820.0,830.0,6120300.0,5016
2025/04/18,,840.0,847.0,822.0,840.0,7359200.0,5016
2025/04/21,,844.0,844.0,817.0,817.0,5331900.0,5016
2025/04/22,,812.0,824.0,810.0,822.0,5396500.0,5016
2025/04/23,,837.0,839.0,823.0,826.0,7120200.0,5016
2025/04/24,,827.0,832.0,814.0,818.0,7065500.0,5016
2025/04/25,,823.0,827.0,813.0,815.0,8933600.0,5016
2025/04/28,,819.0,821.0,808.0,810.0,78209000.0,5016
2025/04/30,,818.9,820.0,787.1,794.8,11609300.0,5016
2025/05/01,,788.0,795.7,772.2,788.0,8809000.0,5016
2025/05/02,,790.0,798.0,778.3,792.0,5973700.0,5016
2025/05/07,,792.5,804.0,786.1,800.6,5683200.0,5016
2025/05/08,,800.5,805.9,796.5,798.5,4332600.0,5016
2025/05/09,,802.6,812.0,791.0,807.2,9272300.0,5016
2025/05/12,,777.7,820.0,775.1,820.0,14538900.0,5016
2025/05/13,,825.1,828.0,800.3,811.3,10635600.0,5016
2025/05/14,,814.0,817.8,790.7,798.8,5677200.0,5016
2025/05/15,,796.4,812.0,792.3,812.0,5344500.0,5016
2025/05/16,,806.0,812.8,791.0,804.4,6050500.0,5016
2025/05/19,,796.0,808.3,794.5,801.0,2784000.0,5016
2025/05/20,,807.0,809.0,793.3,795.0,4325600.0,5016
2025/05/21,,795.0,795.0,781.1,787.0,5269900.0,5016
2025/05/22,,785.1,812.0,783.1,807.2,6480800.0,5016
2025/05/23,,806.0,807.1,798.0,800.0,2770700.0,5016
2025/05/26,,804.9,809.9,797.5,798.1,3296700.0,5016
2025/05/27,,800.0,803.9,793.7,800.2,2954600.0,5016
2025/05/28,,802.0,821.0,794.2,796.4,6307600.0,5016
2025/05/29,,796.4,800.8,790.6,792.3,5231400.0,5016
2025/05/30,,789.6,792.2,784.6,784.8,7165000.0,5016
2025/06/02,,780.0,781.2,770.1,770.6,4508500.0,5016
2025/06/03,,774.0,774.4,765.0,765.0,3563100.0,5016
2025/06/04,,765.0,770.0,760.2,763.8,3986600.0,5016
2025/06/05,,760.2,769.6,760.2,764.5,3263200.0,5016
2025/06/06,,764.4,766.2,743.0,747.0,5936700.0,5016
2025/06/09,,746.8,752.1,737.3,747.9,4350500.0,5016
2025/06/10,,750.0,778.8,749.9,772.2,6323000.0,5016
2025/06/11,,779.8,783.0,769.1,782.0,3882800.0,5016
2025/06/12,,781.5,793.6,768.3,780.9,4818700.0,5016
2025/06/13,,785.6,785.6,761.2,763.0,3766200.0,5016
2025/06/16,,770.9,772.4,754.6,766.3,3158400.0,5016
2025/06/17,,765.2,789.0,764.0,789.0,4258000.0,5016
2025/06/18,,785.3,804.8,784.1,794.2,5837900.0,5016
2025/06/19,,790.3,793.1,781.2,788.2,2792900.0,5016
2025/06/20,,787.0,792.7,781.2,781.2,5279700.0,5016
2025/06/23,,777.0,777.9,762.1,765.1,2806100.0,5016
2025/06/24,,772.0,796.3,765.1,796.3,4345800.0,5016
2025/06/25,,796.0,800.9,779.9,786.5,4007800.0,5016
2025/06/26,,780.2,792.0,780.2,788.2,3530600.0,5016
2025/06/27,,793.7,813.0,789.2,810.0,8493900.0,5016
2025/06/30,,810.0,822.5,804.4,807.0,7449900.0,5016
2025/07/01,,810.0,826.0,800.1,823.0,6010200.0,5016
2025/07/02,,816.0,825.8,807.0,814.2,6127000.0,5016
2025/07/03,,825.0,844.0,823.3,843.0,13604700.0,5016
2025/07/04,,838.0,842.1,815.9,818.9,5805500.0,5016
2025/07/07,,814.2,818.7,805.4,806.8,3202500.0,5016
2025/07/08,,800.3,829.8,798.9,823.9,4619100.0,5016
2025/07/09,,845.1,847.9,826.8,826.8,7972500.0,5016
2025/07/10,,821.7,847.0,813.2,841.9,8879200.0,5016
2025/07/11,,840.0,850.0,835.0,847.1,9464300.0,5016
2025/07/14,,845.0,848.2,836.0,842.3,4061600.0,5016
2025/07/15,,839.9,843.0,834.0,840.0,4068400.0,5016
2025/07/16,,839.0,849.9,835.0,845.2,5030800.0,5016
2025/07/17,,835.2,836.5,824.2,832.0,4326600.0,5016
2025/07/18,,830.0,846.7,826.7,835.9,4616700.0,5016
2025/07/22,,843.0,850.0,840.3,849.6,4514800.0,5016
2025/07/23,,849.7,872.6,849.6,862.3,12245900.0,5016
2025/07/24,,861.0,879.4,856.1,878.9,9601000.0,5016
2025/07/25,,880.0,895.0,879.5,886.0,9427500.0,5016
2025/07/28,,880.0,884.7,869.6,877.0,4628800.0,5016
2025/07/29,,871.0,871.0,860.9,863.5,4077800.0,5016
2025/07/30,,864.5,887.9,858.3,887.5,6675300.0,5016
2025/07/31,,884.9,894.0,871.4,892.7,9028000.0,5016
2025/08/01,,886.0,895.0,881.5,884.6,6361300.0,5016
2025/08/04,,867.0,875.5,864.5,869.6,4466600.0,5016
2025/08/05,,876.4,889.8,875.3,885.0,7039800.0,5016
2025/08/06,,957.1,987.3,950.0,975.0,53586500.0,5016
2025/08/07,,962.8,984.0,962.1,982.0,16432900.0,5016
2025/08/08,,980.0,1000.0,979.4,996.1,18475000.0,5016
2025/08/12,,995.0,999.9,985.3,996.0,11874000.0,5016
2025/08/13,,1000.0,1005.0,990.2,1005.0,13533600.0,5016
2025/08/14,,1005.0,1040.0,998.3,1008.0,15800200.0,5016
2025/08/15,,1008.0,1120.0,1004.5,1084.0,30374400.0,5016
2025/08/18,,1109.5,1139.0,1101.0,1116.0,16514600.0,5016
2025/08/19,,1100.0,1156.5,1098.0,1130.5,15486500.0,5016
2025/08/20,,1127.0,1134.0,1076.5,1093.0,12530600.0,5016
2025/08/21,,1095.0,1169.5,1095.0,1138.0,14325900.0,5016
2025/08/22,,1175.0,1219.0,1167.0,1208.5,22603100.0,5016
2025/08/25,,1245.0,1283.5,1244.0,1269.5,18663800.0,5016
2025/08/26,,1259.5,1269.0,1231.0,1244.0,30837600.0,5016
2025/08/27,,1257.5,1317.0,1225.0,1313.0,22369900.0,5016
2025/08/28,,1300.0,1374.0,1288.0,1368.5,24421800.0,5016
2025/08/29,,1358.0,1377.0,1340.5,1364.0,19111000.0,5016
2025/09/01,,1367.0,1401.5,1357.5,1387.5,17414400.0,5016
2025/09/02,,1400.0,1434.0,1391.0,1414.0,22164300.0,5016
2025/09/03,,1406.0,1481.0,1390.0,1435.5,35870400.0,5016
2025/09/04,,1444.5,1518.0,1441.5,1468.5,39719000.0,5016
2025/09/05,,1508.5,1544.5,1433.0,1474.5,39810400.0,5016
2025/09/08,,1522.5,1574.5,1520.0,1570.0,32088200.0,5016
2025/09/09,,1600.0,1601.0,1495.0,1498.0,45821800.0,5016
2025/09/10,,1490.0,1526.0,1463.0,1471.0,36219400.0,5016
2025/09/11,,1541.0,1629.5,1525.5,1593.5,55873100.0,5016
2025/09/12,,1588.0,1683.0,1576.0,1640.0,46751700.0,5016
2025/09/16,,1638.0,1639.0,1553.5,1605.0,40763000.0,5016
2025/09/17,,1592.5,1624.0,1577.0,1577.0,22545200.0,5016
2025/09/18,,1577.0,1659.0,1577.0,1639.0,27568400.0,5016
2025/09/19,,1650.0,1668.0,1582.0,1638.5,61126100.0,5016
2025/09/22,,1660.0,1662.0,1615.0,1628.0,17837200.0,5016
2025/09/24,,1639.0,1696.0,1636.0,1689.5,22219800.0,5016
2025/09/25,,1723.5,1855.0,1699.5,1844.0,47959100.0,5016
2025/09/26,,1823.5,1849.0,1780.0,1792.5,29580500.0,5016
2025/09/29,,1801.0,1911.0,1795.5,1898.0,50230600.0,5016
2025/09/30,,1925.0,1974.0,1909.0,1960.5,44726400.0,5016
2025/10/01,,1940.0,2012.5,1891.5,1991.0,53163100.0,5016
2025/10/02,,2030.0,2098.0,1992.0,2096.5,53685600.0,5016
2025/10/03,,2065.0,2123.5,2031.0,2117.5,45574100.0,5016
2025/10/06,,2202.5,2266.0,2141.0,2212.5,49432600.0,5016
2025/10/07,,2259.0,2339.0,1908.5,2087.0,86486800.0,5016
2025/10/08,,2000.0,2197.0,1967.5,2187.5,77730300.0,5016
2025/10/09,,2225.0,2229.0,2043.5,2136.5,81158400.0,5016
2025/10/10,,2091.0,2167.0,2080.5,2102.0,48613100.0,5016
2025/10/14,,2100.0,2187.0,1996.5,2010.0,70949000.0,5016
2025/10/15,,2014.0,2108.0,2001.5,2041.0,38362600.0,5016
2025/10/16,,2053.0,2080.0,2015.5,2059.0,35049900.0,5016
2025/10/17,,2016.0,2063.5,1947.0,1963.0,37137200.0,5016
2025/10/20,,1997.0,2010.0,1886.0,1923.0,48673300.0,5016
2025/10/21,,1943.0,2040.0,1915.0,1933.5,60181400.0,5016
2025/10/22,,1859.0,1881.5,1806.0,1850.5,45213100.0,5016
2025/10/23,,1836.0,1858.0,1759.0,1797.5,39363800.0,5016
2025/10/24,,1834.0,1974.5,1795.0,1951.0,69535200.0,5016
2025/10/27,,2008.0,2093.0,1984.5,2090.0,55587800.0,5016
2025/10/28,,2004.0,2026.5,1966.0,1978.0,39774400.0,5016
2025/10/29,,2015.5,2034.0,1983.0,1995.0,30789900.0,5016
2025/10/30,,2015.0,2062.0,1991.0,2057.0,32863700.0,5016
2025/10/31,,2054.5,2088.0,1995.0,2054.0,26356000.0,5016
2025/11/04,,2072.0,2146.0,2030.0,2095.0,29802400.0,5016
2025/11/05,,2012.5,2045.0,1884.5,2018.0,36936000.0,5016
2025/11/06,,2058.5,2075.0,1986.0,2021.0,20443200.0,5016
2025/11/07,,1985.5,2004.0,1897.0,1923.5,29405400.0,5016
2025/11/10,,1974.5,2007.5,1957.5,1962.0,20832700.0,5016
2025/11/11,,2002.0,2052.0,1940.5,1959.5,30674300.0,5016
2025/11/12,,1970.5,1997.0,1860.0,1940.5,57785500.0,5016
2025/11/13,,1936.0,1936.5,1844.0,1867.5,39940900.0,5016
2025/11/14,,1750.5,1797.0,1711.0,1721.5,41036900.0,5016
2025/11/17,,1738.0,1827.5,1735.0,1804.5,30230400.0,5016
2025/11/18,,1761.0,1780.5,1610.0,1616.0,34765300.0,5016
2025/11/19,,1617.0,1672.5,1551.0,1617.5,46787800.0,5016
2025/11/20,,1730.0,1733.0,1642.0,1707.0,32918900.0,5016
2025/11/21,,1603.5,1632.5,1578.0,1601.5,57789200.0,5016
2025/11/25,,1652.0,1698.0,1609.0,1611.0,28669700.0,5016
2025/11/26,,1643.0,1661.0,1621.0,1641.5,16647200.0,5016
2025/11/27,,1731.0,1763.5,1707.0,1763.5,21137700.0,5016
2025/11/28,,1713.0,1714.0,1665.0,1669.0,26085500.0,5016
2025/12/01,,1697.5,1706.5,1634.0,1650.0,19201500.0,5016
2025/12/02,,1664.5,1689.0,1648.5,1667.0,15400300.0,5016
2025/12/03,,1696.0,1697.0,1652.5,1652.5,12306400.0,5016
2025/12/04,,1678.0,1703.0,1663.0,1699.5,14296200.0,5016
2025/12/05,,1700.0,1782.5,1684.0,1777.0,20880700.0,5016
2025/12/08,,1774.5,1813.0,1765.0,1802.5,19665900.0,5016
2025/12/09,,1769.5,1779.0,1716.0,1728.5,14660800.0,5016
2025/12/10,,1759.0,1797.0,1742.5,1781.5,18905000.0,5016
2025/12/11,,1785.0,1795.5,1696.0,1698.0,15259600.0,5016
2025/12/12,,1747.5,1771.5,1702.0,1768.5,17343200.0,5016
2025/12/15,,1744.0,1778.5,1735.0,1752.5,12992700.0,5016
2025/12/16,,1733.0,1738.0,1687.0,1711.5,13784300.0,5016
2025/12/17,,1697.5,1747.5,1683.0,1727.0,10954600.0,5016
2025/12/18,,1675.5,1714.5,1664.0,1682.0,11600300.0,5016
2025/12/19,,1694.0,1722.0,1678.5,1722.0,17553100.0,5016
2025/12/22,,1760.0,1803.5,1744.0,1783.5,14108900.0,5016
2025/12/23,,1768.0,1817.0,1754.5,1808.5,11462900.0,5016
2025/12/24,,1800.0,1891.5,1789.5,1888.5,27434900.0,5016
2025/12/25,,1889.5,1931.0,1853.0,1872.0,20249300.0,5016
2025/12/26,,1880.0,1932.0,1878.5,1917.0,20116000.0,5016
2025/12/29,,1957.0,1996.5,1932.5,1965.0,23381400.0,5016
2025/12/30,,1900.0,1974.5,1890.0,1960.0,20598800.0,5016
2026/01/05,,2030.0,2037.5,1984.0,2020.0,18563100.0,5016
2026/01/06,,2070.0,2165.0,2060.0,2159.5,29259800.0,5016
2026/01/07,,2179.5,2217.5,2136.0,2136.0,28552200.0,5016
2026/01/08,,2148.0,2213.5,2090.5,2098.0,27791100.0,5016
2026/01/09,,2111.0,2195.0,2058.0,2189.0,31043700.0,5016
2026/01/13,,2277.0,2327.5,2211.0,2266.0,31486800.0,5016
2026/01/14,,2322.0,2496.0,2321.0,2436.5,46633200.0,5016
2026/01/15,,2461.5,2630.0,2442.0,2559.0,57299700.0,5016
2026/01/16,,2583.0,2698.0,2552.5,2609.5,57214900.0,5016
2026/01/19,,2602.0,2717.5,2579.0,2708.5,40355200.0,5016
